SG_UF;CD_MUNICIPIO;NM_MUNICIPIO;QT_APTOS;QT_VOTOS_BRANCOS;QT_VOTOS_NULOS;TOTAL_BRANCO_NULO;PERC_DESCONTENTES
MG;40002;ALFREDO VASCONCELOS;5774;283;626;909;15.74298579840665
MG;40010;ABADIA DOS DOURADOS;5706;195;410;605;10.602874167542938
MG;40029;ARAPORĂ;6411;271;386;657;10.248011230697239
MG;40037;ABAETÉ;18927;864;1037;1901;10.04385269720505
MG;40045;BRASILÂNDIA DE MINAS;11708;261;683;944;8.062862999658353
MG;40053;ABRE CAMPO;11459;675;848;1523;13.290863077057335
MG;40061;CAPITĂO ANDRADE;4071;96;250;346;8.499140260378285
MG;40070;ACAIACA;3537;158;333;491;13.881820752049759
MG;40088;CARNEIRINHO;7664;228;478;706;9.211899791231733
MG;40096;AÇUCENA;8597;353;722;1075;12.504361986739559
MG;40100;CATUJI;8043;159;677;836;10.394131542956607
MG;40118;ÁGUA BOA;11852;148;828;976;8.234897063786702
MG;40126;DIVISA ALEGRE;5245;117;481;598;11.401334604385129
MG;40134;ÁGUA COMPRIDA;2379;117;162;279;11.727616645649434
MG;40142;DIVISÓPOLIS;6859;128;625;753;10.978276716722554
MG;40150;AGUANIL;4005;240;364;604;15.081148564294633
MG;40169;DURANDÉ;6569;208;475;683;10.397320748972447
MG;40177;ÁGUAS FORMOSAS;15898;281;975;1256;7.900364825764247
MG;40185;ENTRE FOLHAS;5856;196;415;611;10.433743169398907
MG;40193;ÁGUAS VERMELHAS;10295;220;742;962;9.344341913550267
MG;40207;FERVEDOURO;8014;304;858;1162;14.499625655103568
MG;40215;AIMORÉS;19164;759;936;1695;8.844708829054477
MG;40223;FRANCISCÓPOLIS;5057;83;427;510;10.08503065058335
MG;40231;AIURUOCA;5159;218;458;676;13.10331459585191
MG;40240;ICARAÍ DE MINAS;8433;79;429;508;6.023953515949247
MG;40258;ALAGOA;2473;77;110;187;7.561665992721391
MG;40266;IPABA;14060;585;737;1322;9.402560455192035
MG;40274;ALBERTINA;2980;130;208;338;11.342281879194632
MG;40282;JAÍBA;25206;647;1843;2490;9.878600333253987
MG;40290;ALÉM PARAÍBA;27983;1165;1531;2696;9.6344208984026
MG;40304;JAMPRUCA;4296;71;342;413;9.613594040968342
MG;40312;ALFENAS;61202;3015;3196;6211;10.148361164667822
MG;40320;JUATUBA;22888;1159;1731;2890;12.626703949667947
MG;40339;ALMENARA;30391;615;2155;2770;9.114540488960547
MG;40347;LAGOA GRANDE;7458;195;371;566;7.589165996245642
MG;40355;ALPERCATA;6485;203;383;586;9.036237471087125
MG;40363;LIMEIRA DO OESTE;6094;229;360;589;9.665244502789628
MG;40371;ALPINÓPOLIS;15776;649;890;1539;9.755324543610548
MG;40380;LONTRA;8260;153;480;633;7.663438256658596
MG;40398;ALTEROSA;12074;471;649;1120;9.27613052840815
MG;40401;MAMONAS;5634;97;395;492;8.732694355697552
MG;40410;ALTO RIO DOCE;10234;403;907;1310;12.80046902481923
MG;40428;MATA VERDE;6778;116;686;802;11.832398937739747
MG;40436;ALVARENGA;4239;95;188;283;6.676102854446804
MG;40444;MATIAS CARDOSO;6964;151;531;682;9.793222286042505
MG;40452;ALVINÓPOLIS;13078;429;1291;1720;13.151858082275577
MG;40460;MONTEZUMA;5943;94;546;640;10.768971899713948
MG;40479;ALVORADA DE MINAS;4381;123;433;556;12.691166400365214
MG;40487;NAQUE;5439;231;426;657;12.079426365140652
MG;40495;AMPARO DO SERRA;4629;166;383;549;11.8600129617628
MG;40509;NOVO ORIENTE DE MINAS;8992;133;847;980;10.898576512455517
MG;40517;ANDRADAS;30399;1630;1987;3617;11.898417711108918
MG;40525;PALMÓPOLIS;6165;107;570;677;10.981346309813462
MG;40533;CACHOEIRA DE PAJEÚ;7121;164;555;719;10.096896503300098
MG;40541;PEDRAS DE MARIA DA CRUZ;7900;125;425;550;6.962025316455696
MG;40550;ANDRELÂNDIA;9931;464;851;1315;13.241365421407714
MG;40568;PERIQUITO;6547;155;341;496;7.575989002596609
MG;40576;ANTÔNIO CARLOS;9730;679;1010;1689;17.35868448098664
MG;40584;PONTO DOS VOLANTES;9443;190;875;1065;11.278195488721805
MG;40592;ANTÔNIO DIAS;8831;305;712;1017;11.516249575359529
MG;40606;RIACHINHO;5662;63;329;392;6.923348640056518
MG;40614;ANTÔNIO PRADO DE MINAS;1773;36;119;155;8.74224478285392
MG;40622;ROSÁRIO DA LIMEIRA;5069;247;493;740;14.5985401459854
MG;40630;ARAÇAÍ;2350;89;211;300;12.76595744680851
MG;40649;SANTA BÁRBARA DO LESTE;7302;348;644;992;13.585319090660091
MG;40657;ARACITABA;2473;75;211;286;11.56490093004448
MG;40665;SANTA RITA DE MINAS;5971;246;561;807;13.51532406632055
MG;40673;ARAÇUAÍ;27967;929;1889;2818;10.076161189973899
MG;40681;SANTANA DO PARAÍSO;23775;973;1281;2254;9.480546792849633
MG;40690;ARAGUARI;89184;3509;4485;7994;8.963491209185504
MG;40703;SĂO JOĂO DA LAGOA;4882;131;372;503;10.303154444899631
MG;40711;ARANTINA;2718;122;269;391;14.385577630610744
MG;40720;SĂO JOĂO DO MANHUAÇU;9127;206;449;655;7.176509258244767
MG;40738;ARAPONGA;6798;408;749;1157;17.019711679905853
MG;40746;SĂO JOĂO DO MANTENINHA;5186;154;290;444;8.56151176243733
MG;40754;ARAPUÁ;3219;122;204;326;10.127368748058403
MG;40762;SĂO JOĂO DO PACUÍ;3926;54;318;372;9.475292919001529
MG;40770;ARAÚJOS;6447;298;380;678;10.516519311307585
MG;40789;SĂO JOSÉ DA LAPA;19682;815;1196;2011;10.21745757544965
MG;40797;ARAXÁ;79857;2688;3886;6574;8.23221508446348
MG;40800;SARZEDO;24998;1287;1688;2975;11.900952076166094
MG;40819;ARCEBURGO;7367;370;715;1085;14.727840369214062
MG;40827;SEM PEIXE;3583;89;269;358;9.99162712810494
MG;40835;ARCOS;32220;1861;2091;3952;12.265673494723774
MG;40843;SENADOR AMARAL;5426;201;325;526;9.6940656100258
MG;40851;AREADO;11759;576;666;1242;10.562122629475295
MG;40860;UBAPORANGA;10455;309;662;971;9.287422285987565
MG;40878;ARGIRITA;2931;94;147;241;8.22244967587854
MG;40886;URUCUIA;7717;63;469;532;6.893870675132824
MG;40894;ARINOS;13836;283;835;1118;8.080370049147152
MG;40908;VARGEM ALEGRE;6088;177;430;607;9.970433639947437
MG;40916;ASTOLFO DUTRA;10796;366;651;1017;9.42015561319007
MG;40924;JOSENÓPOLIS;3430;30;258;288;8.396501457725948
MG;40932;ATALÉIA;11334;189;805;994;8.770072348685371
MG;40940;JUVENÍLIA;5635;133;369;502;8.908606921029282
MG;40959;AUGUSTO DE LIMA;4304;140;271;411;9.549256505576208
MG;40967;LEME DO PRADO;4242;84;286;370;8.722300801508723
MG;40975;BAEPENDI;15487;664;987;1651;10.660554013043196
MG;40983;LUISBURGO;5579;209;345;554;9.930094999103781
MG;40991;BALDIM;7112;280;401;681;9.575365579302588
MG;41009;LUISLÂNDIA;6482;90;319;409;6.3097809318111695
MG;41017;BAMBUÍ;19068;876;1242;2118;11.107614852108243
MG;41025;MÁRIO CAMPOS;12398;654;953;1607;12.961768027101146
MG;41033;BANDEIRA;4539;85;441;526;11.588455606961885
MG;41041;MARTINS SOARES;7771;314;559;873;11.234075408570325
MG;41050;BANDEIRA DO SUL;5262;255;292;547;10.39528696313189
MG;41068;MIRAVÂNIA;4049;64;289;353;8.718202025191406
MG;41076;BARĂO DE COCAIS;24712;1626;2234;3860;15.619941728714796
MG;41084;MONTE FORMOSO;4530;78;365;443;9.77924944812362
MG;41092;BARĂO DE MONTE ALTO;5511;183;401;584;10.596987842496825
MG;41106;NATALÂNDIA;3092;76;149;225;7.276843467011643
MG;41114;BARBACENA;99119;5977;9687;15664;15.80322642480251
MG;41122;NINHEIRA;8339;242;855;1097;13.15505456289723
MG;41130;BARRA LONGA;5772;264;585;849;14.708939708939708
MG;41149;NOVA BELÉM;3628;82;265;347;9.56449834619625
MG;41157;TRĘS MARIAS;24233;924;1430;2354;9.714026327734906
MG;41165;NOVA PORTEIRINHA;5699;175;405;580;10.177224074399017
MG;41173;BARROSO;17356;1378;1628;3006;17.31965890758239
MG;41181;NOVORIZONTE;4762;79;406;485;10.184796304073918
MG;41190;BELA VISTA DE MINAS;7948;405;612;1017;12.795671867136388
MG;41203;OLHOS D ÁGUA;5306;53;373;426;8.0286468149265
MG;41211;BELMIRO BRAGA;3008;66;181;247;8.211436170212766
MG;41220;ORATÓRIOS;4439;194;420;614;13.831944131561164
MG;41238;BELO HORIZONTE;2007576;64277;98207;162484;8.0935416641761
MG;41246;ORIZÂNIA;6438;198;423;621;9.645852749301024
MG;41254;BELO ORIENTE;19792;979;1434;2413;12.191794664510914
MG;41262;PADRE CARVALHO;4968;71;338;409;8.232689210950081
MG;41270;BELO VALE;8004;390;619;1009;12.606196901549223
MG;41289;PAI PEDRO;5335;62;432;494;9.259606373008435
MG;41297;BERILO;9054;201;758;959;10.592003534349459
MG;41300;PATIS;5267;81;284;365;6.929941142965636
MG;41319;BERTÓPOLIS;4278;52;329;381;8.906030855539973
MG;41327;PEDRA BONITA;5760;170;389;559;9.70486111111111
MG;41335;BETIM;291073;16536;23193;39729;13.64915330518461
MG;41343;PIEDADE DE CARATINGA;7994;275;575;850;10.632974731048286
MG;41351;BIAS FORTES;3749;107;288;395;10.536142971459055
MG;41360;PINGO D ÁGUA;4147;138;359;497;11.984567156980951
MG;41378;BICAS;11623;523;829;1352;11.632108749892454
MG;41386;PINTÓPOLIS;6507;110;341;451;6.930997387428922
MG;41394;BIQUINHAS;2461;69;154;223;9.06135717188135
MG;41408;PONTO CHIQUE;3854;48;252;300;7.784120394395433
MG;41416;BOA ESPERANÇA;32226;2129;2251;4380;13.591509960901135
MG;41424;REDUTO;5848;185;391;576;9.849521203830369
MG;41432;BOCAINA DE MINAS;4476;202;410;612;13.672922252010725
MG;41440;SANTA BÁRBARA DO MONTE VERDE;3283;83;208;291;8.863844045080718
MG;41459;BOCAIÚVA;37149;1272;2275;3547;9.548036286306495
MG;41467;SANTA CRUZ DE MINAS;6518;429;504;933;14.31420681190549
MG;41475;BOM DESPACHO;38801;2271;2271;4542;11.70588386897245
MG;41483;SANTA CRUZ DE SALINAS;4336;73;392;465;10.724169741697418
MG;41491;BOM JARDIM DE MINAS;5892;313;492;805;13.662593346911066
MG;41505;SANTA HELENA DE MINAS;5418;44;467;511;9.431524547803617
MG;41513;BOM JESUS DA PENHA;3527;159;221;380;10.774028919761838
MG;41521;SANTO ANTÔNIO DO RETIRO;6282;105;544;649;10.331104743712194
MG;41530;BOM JESUS DO AMPARO;5090;211;512;723;14.204322200392927
MG;41548;SĂO DOMINGOS DAS DORES;5387;205;344;549;10.191201039539632
MG;41556;BOM JESUS DO GALHO;12435;471;1045;1516;12.191395255327704
MG;41564;SĂO FÉLIX DE MINAS;3194;66;242;308;9.643080776455855
MG;41572;BOM REPOUSO;8916;373;587;960;10.767160161507402
MG;41580;SĂO GERALDO DO BAIXIO;3176;38;171;209;6.5806045340050385
MG;41599;BOM SUCESSO;15501;997;1119;2116;13.650732210825108
MG;41602;SĂO JOĂO DAS MISSŐES;9468;159;795;954;10.076045627376425
MG;41610;BONFIM;7064;431;632;1063;15.048131370328427
MG;41629;SĂO JOAQUIM DE BICAS;21338;967;1626;2593;12.152029243602962
MG;41637;BONFINÓPOLIS DE MINAS;5020;118;215;333;6.633466135458168
MG;41645;SĂO JOSÉ DA BARRA;6560;284;355;639;9.740853658536587
MG;41653;BORDA DA MATA;13284;542;894;1436;10.809996988858778
MG;41661;ALTO CAPARAÓ;4302;104;172;276;6.4156206415620645
MG;41670;BOTELHOS;12897;548;764;1312;10.172908428316664
MG;41688;ANGELÂNDIA;6722;147;471;618;9.193692353466231
MG;41696;BOTUMIRIM;5407;97;392;489;9.043832069539485
MG;41700;ARICANDUVA;4852;162;423;585;12.056883759274525
MG;41718;BRASÍLIA DE MINAS;27158;751;1641;2392;8.807717799543413
MG;41726;BERIZAL;3987;72;324;396;9.932279909706546
MG;41734;BRÁS PIRES;4577;109;349;458;10.00655451168888
MG;41742;BONITO DE MINAS;8229;111;602;713;8.664479280593024
MG;41750;BRAÚNAS;4409;141;386;527;11.95282376956226
MG;41769;BUGRE;4421;119;241;360;8.1429540827867
MG;41777;BRAZÓPOLIS;12754;687;855;1542;12.09032460404579
MG;41785;CABECEIRA GRANDE;5499;196;300;496;9.019821785779232
MG;41793;BRUMADINHO;32273;1688;2530;4218;13.06974870634896
MG;41807;CAMPO AZUL;4117;62;221;283;6.873937333009474
MG;41815;BUENO BRANDĂO;8894;470;510;980;11.018664268045873
MG;41823;CANTAGALO;3757;135;366;501;13.335107798775619
MG;41831;BUENÓPOLIS;8455;294;578;872;10.313424009461857
MG;41840;CATAS ALTAS;4821;217;452;669;13.87678904791537
MG;41858;BURITIS;19026;525;1101;1626;8.546199936928414
MG;41866;CATUTI;4401;66;358;424;9.634174051351966
MG;41874;BURITIZEIRO;19475;612;1400;2012;10.331193838254173
MG;41882;CHAPADA GAÚCHA;8853;126;534;660;7.455099966113182
MG;41890;CABO VERDE;9582;369;541;910;9.496973491964098
MG;41904;CÔNEGO MARINHO;6167;124;488;612;9.923787903356574
MG;41912;CACHOEIRA DA PRATA;3528;117;191;308;8.73015873015873
MG;41920;CONFINS;6588;268;393;661;10.033394049787493
MG;41939;CACHOEIRA DE MINAS;9696;365;603;968;9.983498349834983
MG;41947;CÓRREGO FUNDO;5251;246;454;700;13.33079413445058
MG;41955;CACHOEIRA DOURADA;2401;54;127;181;7.538525614327364
MG;41963;CRISÓLITA;4798;32;445;477;9.941642350979576
MG;41971;CAETANÓPOLIS;8714;333;648;981;11.25774615561166
MG;41980;CUPARAQUE;4253;62;156;218;5.125793557488832
MG;41998;CAETÉ;34189;1584;2405;3989;11.667495393255141
MG;42005;CURRAL DE DENTRO;6363;91;492;583;9.16234480590916
MG;42013;CAIANA;4139;204;355;559;13.505677699927517
MG;42021;DELTA;6870;603;674;1277;18.58806404657933
MG;42030;CAJURI;4572;304;439;743;16.251093613298337
MG;42048;DOM BOSCO;3558;63;170;233;6.548622821810006
MG;42056;CALDAS;10963;448;702;1150;10.489829426251939
MG;42064;FREI LAGONEGRO;3510;101;363;464;13.219373219373221
MG;42072;CAMACHO;2991;172;273;445;14.877967235038447
MG;42080;FRUTA DE LEITE;5070;65;482;547;10.788954635108482
MG;42099;CAMANDUCAIA;18290;1318;1317;2635;14.40677966101695
MG;42102;GAMELEIRAS;4519;46;334;380;8.408940030980306
MG;42110;CAMBUÍ;21943;972;1586;2558;11.657476188306065
MG;42129;GLAUCILÂNDIA;3770;123;224;347;9.204244031830239
MG;42137;CAMBUQUIRA;10256;497;822;1319;12.860764430577223
MG;42145;GOIABEIRA;2892;56;182;238;8.229598893499308
MG;42153;CAMPANÁRIO;3377;62;234;296;8.76517619188629
MG;42161;GOIANÁ;4112;127;259;386;9.38715953307393
MG;42170;CAMPANHA;12492;715;854;1569;12.560038424591738
MG;42188;GUARACIAMA;4901;113;328;441;8.998163640073455
MG;42196;CAMPESTRE;16831;953;975;1928;11.45505317568772
MG;42200;IBIRACATU;5945;112;379;491;8.259041211101765
MG;42218;CAMPINA VERDE;14721;466;806;1272;8.640717342571836
MG;42226;IMBÉ DE MINAS;5342;133;443;576;10.782478472482216
MG;42234;CAMPO BELO;39892;2436;2768;5204;13.045222099669108
MG;42242;INDAIABIRA;6258;73;464;537;8.581016299137104
MG;42250;CAMPO DO MEIO;10099;576;700;1276;12.634914347955242
MG;42269;JAPONVAR;8345;174;589;763;9.143199520671061
MG;42277;CAMPO FLORIDO;6362;267;388;655;10.295504558314995
MG;42285;JENIPAPO DE MINAS;5948;93;504;597;10.036987222595831
MG;42293;CAMPOS ALTOS;10464;377;594;971;9.279434250764526
MG;42307;JOSÉ GONÇALVES DE MINAS;3787;60;314;374;9.875891206759968
MG;42315;CAMPOS GERAIS;20716;953;1378;2331;11.252172234022012
MG;42323;JOSÉ RAYDAN;4238;77;314;391;9.226050023596036
MG;42331;CANAĂ;4319;176;383;559;12.94281083584163
MG;42340;SĂO SEBASTIĂO DA VARGEM ALEGRE;2751;106;239;345;12.540894220283533
MG;42358;CANÁPOLIS;8806;356;501;857;9.732000908471496
MG;42366;SĂO SEBASTIĂO DO ANTA;5566;123;343;466;8.372260150916278
MG;42374;CANA VERDE;4763;183;354;537;11.274406886416125
MG;42382;SERRANÓPOLIS DE MINAS;3966;88;300;388;9.78315683308119
MG;42390;CANDEIAS;12152;1038;1294;2332;19.190256747860435
MG;42404;SETUBINHA;8993;139;901;1040;11.564550205715557
MG;42412;CAPARAÓ;4308;128;275;403;9.35468895078923
MG;42420;TAPARUBA;3650;108;257;365;10.0
MG;42439;CAPELA NOVA;4457;326;433;759;17.02939196769127
MG;42447;UNIĂO DE MINAS;2989;76;173;249;8.330545332887253
MG;42455;CAPELINHA;29419;1231;2284;3515;11.948060777048845
MG;42463;URUANA DE MINAS;3482;49;177;226;6.490522688110281
MG;42471;CAPETINGA;5714;278;456;734;12.845642282114106
MG;42480;VARGEM GRANDE DO RIO PARDO;4201;54;291;345;8.212330397524399
MG;42498;CAPIM BRANCO;8143;396;525;921;11.310327888984403
MG;42501;VARJĂO DE MINAS;6554;260;315;575;8.773268233140067
MG;42510;CAPINÓPOLIS;11501;411;640;1051;9.138335796887228
MG;42528;VERDELÂNDIA;6916;156;501;657;9.49971081550029
MG;42536;CAPITĂO ENÉAS;12475;416;986;1402;11.238476953907815
MG;42544;VEREDINHA;5075;125;357;482;9.497536945812808
MG;42552;CAPITÓLIO;7836;240;390;630;8.039816232771821
MG;42560;VERMELHO NOVO;4778;219;392;611;12.787777312683133
MG;42579;CAPUTIRA;8073;502;697;1199;14.851975721540938
MG;42587;TOCOS DO MOJI;3969;195;239;434;10.934744268077601
MG;42595;CARAÍ;14958;371;1427;1798;12.020323572670142
MG;42617;CARANAÍBA;3205;180;305;485;15.132605304212168
MG;42633;CARANDAÍ;20394;1956;2118;4074;19.976463665784053
MG;42650;CARANGOLA;25273;1077;1904;2981;11.795196454714517
MG;42676;CARATINGA;65031;2941;4534;7475;11.494517999108117
MG;42692;CARBONITA;7984;258;650;908;11.372745490981965
MG;42714;CAREAÇU;5085;191;277;468;9.20353982300885
MG;42730;CARLOS CHAGAS;16553;500;1033;1533;9.261161118830422
MG;42757;CARMÉSIA;2405;29;199;228;9.48024948024948
MG;42773;CARMO DA CACHOEIRA;9591;500;781;1281;13.356271504535503
MG;42790;CARMO DA MATA;9930;590;1020;1610;16.2134944612286
MG;42811;CARMO DE MINAS;10001;483;726;1209;12.088791120887912
MG;42838;CARMO DO CAJURU;18663;1186;1492;2678;14.349247173551948
MG;42854;CARMO DO PARANAÍBA;22761;1301;1353;2654;11.660296120557092
MG;42870;CARMO DO RIO CLARO;15740;629;851;1480;9.40279542566709
MG;42897;CARMÓPOLIS DE MINAS;14140;804;1078;1882;13.30975954738331
MG;42919;CARRANCAS;3492;105;248;353;10.108820160366552
MG;42935;CARVALHÓPOLIS;3255;88;203;291;8.940092165898617
MG;42951;CARVALHOS;4034;198;381;579;14.352999504214178
MG;42978;CASA GRANDE;2540;105;211;316;12.440944881889763
MG;42994;CASCALHO RICO;3517;115;217;332;9.439863520045494
MG;43010;CÁSSIA;14325;631;938;1569;10.952879581151832
MG;43036;CONCEIÇĂO DA BARRA DE MINAS;3688;153;309;462;12.527114967462039
MG;43052;CATAGUASES;53654;2579;3568;6147;11.456741342677153
MG;43079;CATAS ALTAS DA NORUEGA;3858;149;338;487;12.623120787973043
MG;43095;CAXAMBU;18038;923;1102;2025;11.226300033263112
MG;43117;CEDRO DO ABAETÉ;1284;49;63;112;8.722741433021806
MG;43133;CENTRAL DE MINAS;5976;140;333;473;7.9149933065595715
MG;43150;CENTRALINA;7350;371;466;837;11.387755102040817
MG;43176;CHÁCARA;3612;91;175;266;7.3643410852713185
MG;43192;CHALÉ;5230;197;334;531;10.152963671128107
MG;43214;CHAPADA DO NORTE;9356;154;712;866;9.256092347156905
MG;43230;CHIADOR;2926;93;220;313;10.697197539302802
MG;43257;CIPOTÂNEA;5783;359;528;887;15.338059830537784
MG;43273;CLARAVAL;4576;172;221;393;8.588286713286713
MG;43290;CLARO DOS POÇŐES;7468;158;525;683;9.145688269951794
MG;43311;CLÁUDIO;21769;1351;1485;2836;13.027699940282053
MG;43338;COIMBRA;6326;430;703;1133;17.910211824217516
MG;43354;COLUNA;6834;192;621;813;11.89640035118525
MG;43370;COMENDADOR GOMES;2821;78;119;197;6.983339241403757
MG;43397;COMERCINHO;6777;127;525;652;9.620776154640696
MG;43419;CONCEIÇĂO DA APARECIDA;8060;328;403;731;9.069478908188586
MG;43435;CONCEIÇĂO DAS PEDRAS;2696;134;221;355;13.16765578635015
MG;43451;CONCEIÇĂO DAS ALAGOAS;19610;1114;1342;2456;12.52422233554309
MG;43478;CONCEIÇĂO DE IPANEMA;4201;79;256;335;7.974291835277316
MG;43494;CONCEIÇĂO DO MATO DENTRO;18089;796;1646;2442;13.499917076676432
MG;43516;CONCEIÇĂO DO PARÁ;5111;210;319;529;10.350225004891412
MG;43532;CONCEIÇĂO DO RIO VERDE;10382;612;706;1318;12.695049123482951
MG;43559;CONCEIÇĂO DOS OUROS;8612;433;592;1025;11.901997213190896
MG;43575;CONGONHAL;9324;378;483;861;9.234234234234235
MG;43591;CONGONHAS;42137;2987;3969;6956;16.508057051997056
MG;43613;CONGONHAS DO NORTE;4227;127;546;673;15.921457298320322
MG;43630;CONQUISTA;5418;265;364;629;11.609449981543005
MG;43656;CONSELHEIRO LAFAIETE;97135;6117;9235;15352;15.804807741802646
MG;43672;CONSELHEIRO PENA;16850;559;909;1468;8.712166172106825
MG;43699;CONSOLAÇĂO;1923;62;117;179;9.308372334893395
MG;43710;CONTAGEM;452222;19763;30469;50232;11.107818726200849
MG;43737;COQUEIRAL;7725;286;484;770;9.967637540453074
MG;43753;CORAÇĂO DE JESUS;21210;489;1527;2016;9.504950495049505
MG;43770;CORDISBURGO;7188;313;432;745;10.364496382860324
MG;43796;CORDISLÂNDIA;2729;84;208;292;10.699890069622572
MG;43818;CORINTO;20020;766;1233;1999;9.985014985014985
MG;43834;COROACI;7624;264;828;1092;14.323189926547744
MG;43850;COROMANDEL;24081;917;1297;2214;9.193970350068518
MG;43877;CORONEL FABRICIANO;81620;3605;4465;8070;9.887282528791964
MG;43893;CORONEL MURTA;7155;236;587;823;11.502445842068482
MG;43915;CORONEL PACHECO;2857;94;198;292;10.220511025551279
MG;43931;CORONEL XAVIER CHAVES;2942;179;301;480;16.315431679129844
MG;43958;CÓRREGO DANTA;3048;65;175;240;7.874015748031496
MG;43974;CÓRREGO DO BOM JESUS;4122;164;283;447;10.844250363901018
MG;43990;CÓRREGO NOVO;3524;107;257;364;10.32917139614075
MG;44016;COUTO DE MAGALHĂES DE MINAS;3838;94;308;402;10.47420531526837
MG;44032;CRISTAIS;8400;558;754;1312;15.619047619047619
MG;44059;CRISTÁLIA;5134;130;352;482;9.388391118036617
MG;44075;CRISTIANO OTONI;4425;307;483;790;17.853107344632768
MG;44091;CRISTINA;8226;302;572;874;10.62484804279115
MG;44113;CRUCILÂNDIA;5388;215;372;587;10.894580549368968
MG;44130;CRUZEIRO DA FORTALEZA;3896;125;224;349;8.957905544147843
MG;44156;CRUZÍLIA;12960;686;924;1610;12.422839506172838
MG;44172;CURVELO;60042;3457;3747;7204;11.998267879151262
MG;44199;DATAS;4990;182;502;684;13.707414829659317
MG;44210;DELFIM MOREIRA;6720;357;433;790;11.755952380952381
MG;44237;DELFINÓPOLIS;6182;201;390;591;9.56001294079586
MG;44253;DESCOBERTO;4463;210;347;557;12.480394353573828
MG;44270;DESTERRO DE ENTRE RIOS;6125;524;500;1024;16.718367346938777
MG;44296;DESTERRO DO MELO;3546;97;362;459;12.944162436548224
MG;44318;DIAMANTINA;37877;1388;2621;4009;10.584259577052038
MG;44334;DIOGO DE VASCONCELOS;3752;118;385;503;13.406183368869936
MG;44350;DIONÍSIO;6934;253;474;727;10.48456879146236
MG;44377;DIVINÉSIA;4519;133;372;505;11.175038725381722
MG;44393;DIVINO;15860;642;1080;1722;10.857503152585119
MG;44415;DIVINO DAS LARANJEIRAS;4687;93;264;357;7.6168124599957325
MG;44431;DIVINOLÂNDIA DE MINAS;6435;205;580;785;12.198912198912199
MG;44458;DIVINÓPOLIS;170449;8342;11320;19662;11.535415285510622
MG;44474;DIVISA NOVA;4897;147;286;433;8.842148254033082
MG;44490;DOM CAVATI;4120;130;282;412;10.0
MG;44512;DOM JOAQUIM;4030;122;390;512;12.70471464019851
MG;44539;DOM SILVÉRIO;4460;165;519;684;15.336322869955158
MG;44555;DOM VIÇOSO;2873;101;173;274;9.537069265576053
MG;44571;DONA EUSÉBIA;5607;210;288;498;8.881754949170679
MG;44598;DORES DE CAMPOS;7812;513;786;1299;16.62826420890937
MG;44610;DORES DE GUANHĂES;5134;124;470;594;11.56992598363849
MG;44636;DORES DO INDAIÁ;11305;407;609;1016;8.98717381689518
MG;44652;DORES DO TURVO;5206;136;379;515;9.892431809450635
MG;44679;DORESÓPOLIS;2263;79;131;210;9.279717189571365
MG;44695;DOURADOQUARA;1980;65;106;171;8.636363636363637
MG;44717;ELÓI MENDES;19981;1004;1292;2296;11.490916370552025
MG;44733;ENGENHEIRO CALDAS;7828;220;500;720;9.197751660705162
MG;44750;ENGENHEIRO NAVARRO;6207;157;435;592;9.537618817464153
MG;44776;ENTRE RIOS DE MINAS;12463;647;1026;1673;13.423734253390036
MG;44792;ERVÁLIA;15521;1465;1604;3069;19.773210489014883
MG;44814;ESMERALDAS;52957;2684;3849;6533;12.336423891081443
MG;44830;ESPERA FELIZ;17904;1066;1381;2447;13.667336907953532
MG;44857;ESPINOSA;23269;825;1518;2343;10.069190768834071
MG;44873;ESPÍRITO SANTO DO DOURADO;5089;218;388;606;11.908036942424838
MG;44890;ESTIVA;9251;539;594;1133;12.247324613555291
MG;44911;ESTRELA DALVA;2764;47;178;225;8.140376266280752
MG;44938;ESTRELA DO INDAIÁ;2932;62;155;217;7.401091405184175
MG;44954;ESTRELA DO SUL;5746;271;431;702;12.217194570135746
MG;44970;EUGENÓPOLIS;9080;336;569;905;9.966960352422907
MG;44997;EWBANK DA CÂMARA;4252;177;287;464;10.912511759172155
MG;45012;EXTREMA;37038;2713;2766;5479;14.792915384200011
MG;45039;FAMA;3140;97;168;265;8.439490445859873
MG;45055;FARIA LEMOS;3193;85;223;308;9.646100845599749
MG;45071;FELÍCIO DOS SANTOS;5024;101;393;494;9.8328025477707
MG;45098;SĂO GONÇALO DO RIO PRETO;3016;90;256;346;11.472148541114057
MG;45110;FELISBURGO;5634;111;523;634;11.253106141285055
MG;45136;FELIXLÂNDIA;11816;559;737;1296;10.968178740690588
MG;45152;FERNANDES TOURINHO;2756;47;167;214;7.764876632801161
MG;45179;FERROS;8657;241;696;937;10.823610950675754
MG;45195;FLORESTAL;6637;228;416;644;9.703179147205063
MG;45217;FORMIGA;54800;3122;3934;7056;12.875912408759124
MG;45233;FORMOSO;5838;102;413;515;8.82151421719767
MG;45250;FORTALEZA DE MINAS;3297;121;257;378;11.464968152866243
MG;45276;FORTUNA DE MINAS;2633;82;151;233;8.849221420432967
MG;45292;FRANCISCO BADARÓ;7223;139;478;617;8.542156998477086
MG;45314;FRANCISCO DUMONT;4175;116;303;419;10.035928143712574
MG;45330;FRANCISCO SÁ;19551;510;1542;2052;10.495626822157435
MG;45357;FREI GASPAR;5342;109;438;547;10.239610632721826
MG;45373;FREI INOCĘNCIO;6959;150;445;595;8.550079034344014
MG;45390;FRONTEIRA;10337;421;754;1175;11.366934313630647
MG;45411;FRUTAL;41863;2534;2467;5001;11.946109930009793
MG;45438;FUNILÂNDIA;4914;123;305;428;8.70980870980871
MG;45454;GALILÉIA;5460;134;275;409;7.490842490842491
MG;45470;GONÇALVES;4011;147;265;412;10.271752680129644
MG;45497;GONZAGA;4874;143;427;570;11.694706606483381
MG;45519;GOUVEIA;10568;369;863;1232;11.65783497350492
MG;45535;GOVERNADOR VALADARES;215554;9860;11331;21191;9.830947233639831
MG;45551;GRĂO MOGOL;11921;241;928;1169;9.806224310041104
MG;45578;GRUPIARA;1642;45;89;134;8.160779537149818
MG;45594;GUANHĂES;25099;1107;2235;3342;13.315271524761943
MG;45616;GUAPÉ;10866;413;562;975;8.972943125345113
MG;45632;GUARACIABA;8272;301;823;1124;13.588007736943908
MG;45659;GUARANÉSIA;15365;934;1229;2163;14.077448747152618
MG;45675;GUARANI;6952;318;612;930;13.377445339470656
MG;45691;GUARARÁ;3548;183;293;476;13.416009019165728
MG;45713;GUARDA-MOR;5912;273;312;585;9.895128552097429
MG;45730;GUAXUPÉ;38731;2184;2802;4986;12.873408897265756
MG;45756;GUIDOVAL;6403;268;486;754;11.775730126503202
MG;45772;GUIMARÂNIA;6922;329;562;891;12.872002311470673
MG;45799;GUIRICEMA;7226;296;630;926;12.814835316911156
MG;45810;GURINHATĂ;5000;101;211;312;6.239999999999999
MG;45837;HELIODORA;5127;247;390;637;12.42441973863858
MG;45853;IAPU;8550;269;540;809;9.461988304093568
MG;45870;IBERTIOGA;4983;268;395;663;13.305237808549068
MG;45896;IBIÁ;17186;837;1001;1838;10.694751541952751
MG;45918;IBIAÍ;6558;97;397;494;7.532784385483379
MG;45934;IBIRACI;9109;347;510;857;9.408277527719838
MG;45950;IBIRITÉ;125561;6741;9332;16073;12.80094933936493
MG;45977;IBITIÚRA DE MINAS;3325;120;264;384;11.548872180451127
MG;45993;IBITURUNA;2557;124;156;280;10.950332420805632
MG;46019;IGARAPÉ;31870;1535;2224;3759;11.79479133981801
MG;46035;IGARATINGA;8101;473;539;1012;12.492284903098383
MG;46051;IGUATAMA;6451;246;402;648;10.044954270655712
MG;46078;IJACI;5396;348;500;848;15.715344699777614
MG;46094;ILICÍNEA;9824;476;563;1039;10.57614006514658
MG;46116;INCONFIDENTES;6358;326;374;700;11.00975149418056
MG;46132;INDIANÓPOLIS;4877;170;330;500;10.25220422390814
MG;46159;INGAÍ;2477;145;204;349;14.089624545821557
MG;46175;INHAPIM;20137;674;1276;1950;9.683666881859263
MG;46191;INHAÚMA;5721;280;420;700;12.235623142807201
MG;46213;INIMUTABA;6285;271;404;675;10.739856801909307
MG;46230;IPANEMA;15549;500;918;1418;9.119557527815294
MG;46256;IPATINGA;179856;6778;8782;15560;8.651365536873943
MG;46272;IPIAÇU;3691;97;186;283;7.667298835004063
MG;46299;IPUIÚNA;7762;279;444;723;9.314609636691575
MG;46310;IRAÍ DE MINAS;6095;180;350;530;8.695652173913043
MG;46337;ITABIRA;91094;5095;8803;13898;15.256767734428173
MG;46353;ITABIRINHA;8149;227;537;764;9.375383482635906
MG;46370;ITABIRITO;42901;2785;3932;6717;15.656977692827672
MG;46396;ITACAMBIRA;4578;109;297;406;8.868501529051988
MG;46418;ITACARAMBI;13692;375;1068;1443;10.53900087642419
MG;46434;ITAGUARA;10865;771;1018;1789;16.465715600552233
MG;46450;ITAIPÉ;9284;227;777;1004;10.814304179233089
MG;46477;ITAJUBÁ;73286;3383;4048;7431;10.13972655077368
MG;46493;ITAMARANDIBA;25660;1373;2264;3637;14.173811379579112
MG;46515;ITAMARATI DE MINAS;3637;115;250;365;10.035743744844652
MG;46531;ITAMBACURI;18459;463;1398;1861;10.08180291456742
MG;46558;ITAMBÉ DO MATO DENTRO;2491;62;239;301;12.083500602167804
MG;46574;ITAMOGI;9319;429;812;1241;13.316879493507889
MG;46590;ITAMONTE;11925;598;928;1526;12.796645702306082
MG;46612;ITANHANDU;12483;727;895;1622;12.993671393094608
MG;46639;ITANHOMI;9654;268;694;962;9.964781437746012
MG;46655;ITAOBIM;16429;612;1211;1823;11.096232272201595
MG;46671;ITAPAGIPE;10274;318;510;828;8.05917850885731
MG;46698;ITAPECERICA;17869;880;1561;2441;13.660529408472774
MG;46710;ITAPEVA;8499;447;584;1031;12.130838922226145
MG;46736;ITATIAIUÇU;10516;564;788;1352;12.856599467478128
MG;46752;ITAÚNA;71232;3404;4593;7997;11.226695867026056
MG;46779;ITAVERAVA;5634;338;593;931;16.524671636492723
MG;46795;ITINGA;11263;248;927;1175;10.432389239101484
MG;46817;ITUETA;4954;127;247;374;7.549454985870003
MG;46833;ITUIUTABA;77090;2772;3686;6458;8.37722142949799
MG;46850;ITUMIRIM;6023;358;559;917;15.224970944711938
MG;46876;ITURAMA;30124;1292;1720;3012;9.998672155092285
MG;46892;ITUTINGA;3752;181;327;508;13.539445628997868
MG;46914;JABOTICATUBAS;15047;431;996;1427;9.483617996942913
MG;46930;JACINTO;9190;231;721;952;10.359085963003265
MG;46957;JACUÍ;6414;267;386;653;10.180854381041472
MG;46973;JACUTINGA;18946;833;941;1774;9.363454027235301
MG;46990;JAGUARAÇU;3137;147;172;319;10.168951227287216
MG;47015;JANAÚBA;52918;2159;3522;5681;10.735477531274801
MG;47031;JANUÁRIA;50507;1205;3156;4361;8.634446710356979
MG;47058;JAPARAÍBA;3488;157;240;397;11.381880733944955
MG;47074;JECEABA;5985;370;495;865;14.452798663324979
MG;47090;JEQUERI;10352;403;926;1329;12.838098918083462
MG;47112;JEQUITAÍ;6648;148;516;664;9.987966305655837
MG;47139;JEQUITIBÁ;5811;218;456;674;11.598692135604887
MG;47155;JEQUITINHONHA;18163;329;1251;1580;8.69900346858999
MG;47171;JESUÂNIA;4251;172;369;541;12.726417313573277
MG;47198;JOAÍMA;10889;258;878;1136;10.432546606667279
MG;47210;JOANÉSIA;5028;207;481;688;13.68337311058075
MG;47236;JOĂO MONLEVADE;60517;3377;4662;8039;13.283870647917114
MG;47252;JOĂO PINHEIRO;38165;1735;1955;3690;9.6685444779248
MG;47279;JOAQUIM FELÍCIO;3485;85;226;311;8.923959827833572
MG;47295;JORDÂNIA;7687;154;588;742;9.652660335631586
MG;47317;NOVA UNIĂO;5554;297;473;770;13.86388188692834
MG;47333;JUIZ DE FORA;418245;21174;30429;51603;12.337983717677439
MG;47350;JURAMENTO;4476;132;325;457;10.21000893655049
MG;47376;JURUAIA;9027;328;382;710;7.865293009859312
MG;47392;LADAINHA;12310;193;1305;1498;12.168968318440292
MG;47414;LAGAMAR;6486;173;291;464;7.153869873573851
MG;47430;LAGOA DA PRATA;36406;1871;2180;4051;11.127286710981707
MG;47457;LAGOA DOS PATOS;3759;55;289;344;9.151370045224795
MG;47473;LAGOA DOURADA;10064;758;1072;1830;18.18362480127186
MG;47490;LAGOA FORMOSA;14659;912;804;1716;11.706119107715397
MG;47511;LAGOA SANTA;49583;2274;2613;4887;9.85620071395438
MG;47538;LAJINHA;14886;803;1211;2014;13.529490796721753
MG;47554;LAMBARI;16948;644;1128;1772;10.455510974746282
MG;47570;LAMIM;3518;160;327;487;13.843092666287662
MG;47597;LARANJAL;5582;175;387;562;10.068075958437836
MG;47619;LASSANCE;5817;147;432;579;9.953584321815368
MG;47635;LAVRAS;74498;4464;6226;10690;14.349378506805552
MG;47651;LEANDRO FERREIRA;3323;155;185;340;10.23171832681312
MG;47678;LEOPOLDINA;41029;2044;2314;4358;10.621755343781228
MG;47694;LIBERDADE;4421;164;445;609;13.775163990047501
MG;47716;LIMA DUARTE;14575;661;1195;1856;12.734133790737564
MG;47732;LUMINÁRIAS;4452;252;406;658;14.779874213836477
MG;47759;LUZ;14842;632;800;1432;9.648295377981404
MG;47775;MACHACALIS;6001;80;439;519;8.648558573571071
MG;47791;MACHADO;30233;1496;1851;3347;11.0706843515364
MG;47813;MADRE DE DEUS DE MINAS;4329;240;477;717;16.562716562716563
MG;47830;MALACACHETA;15562;415;1170;1585;10.185066186865441
MG;47856;MANGA;16166;343;1269;1612;9.97154521835952
MG;47872;MANHUAÇU;60239;2713;3842;6555;10.881654741944589
MG;47899;MANHUMIRIM;17103;754;1218;1972;11.530140910951294
MG;47910;MANTENA;20751;554;1103;1657;7.985157341814853
MG;47937;MARAVILHAS;6278;199;364;563;8.967824147817776
MG;47953;MAR DE ESPANHA;10026;465;801;1266;12.627169359664872
MG;47970;MARIA DA FÉ;12110;479;648;1127;9.30635838150289
MG;47996;MARIANA;50731;3613;5803;9416;18.560643393585778
MG;48011;MARILAC;4450;141;343;484;10.876404494382022
MG;48038;MARIPÁ DE MINAS;3000;90;226;316;10.533333333333333
MG;48054;MARLIÉRIA;4292;160;267;427;9.94874184529357
MG;48070;MARMELÓPOLIS;2916;128;195;323;11.076817558299041
MG;48097;MARTINHO CAMPOS;11488;634;706;1340;11.664345403899722
MG;48119;MATERLÂNDIA;4445;149;415;564;12.68841394825647
MG;48135;MATEUS LEME;27500;1512;2239;3751;13.639999999999999
MG;48151;MATIAS BARBOSA;11979;614;925;1539;12.847483095416981
MG;48178;MATIPÓ;14062;740;1130;1870;13.298250604465936
MG;48194;MATO VERDE;10619;339;753;1092;10.283454185893211
MG;48216;MATOZINHOS;30067;1674;2184;3858;12.83134333322247
MG;48232;MATUTINA;3481;117;273;390;11.203677104280379
MG;48259;MEDEIROS;3108;85;137;222;7.142857142857142
MG;48275;MEDINA;16184;484;1239;1723;10.6463173504696
MG;48291;MENDES PIMENTEL;5227;142;364;506;9.68050506982973
MG;48313;MERCĘS;8795;439;756;1195;13.58726549175668
MG;48330;MESQUITA;5557;285;418;703;12.650710815188052
MG;48356;MINAS NOVAS;22359;567;1722;2289;10.23748825976117
MG;48372;MINDURI;3292;127;258;385;11.69501822600243
MG;48399;MIRABELA;11499;262;800;1062;9.235585703104618
MG;48410;MIRADOURO;8088;349;661;1010;12.487636003956478
MG;48437;MIRAÍ;10546;353;698;1051;9.965863834629243
MG;48453;MOEDA;4969;162;410;572;11.511370497081908
MG;48470;MOEMA;6684;244;394;638;9.545182525433873
MG;48496;MONJOLOS;2293;34;164;198;8.634976013955518
MG;48518;MONSENHOR PAULO;6950;324;497;821;11.812949640287771
MG;48534;MONTALVÂNIA;13064;268;1023;1291;9.882118799755052
MG;48550;MONTE ALEGRE DE MINAS;15459;666;983;1649;10.6669254156155
MG;48577;MONTE AZUL;17529;383;1144;1527;8.711278452849564
MG;48593;MONTE BELO;10976;603;673;1276;11.62536443148688
MG;48615;MONTE CARMELO;36378;1674;2251;3925;10.789488152179889
MG;48631;MONTE SANTO DE MINAS;17280;968;1386;2354;13.622685185185185
MG;48658;MONTES CLAROS;287897;11950;19061;31011;10.771560662320205
MG;48674;MONTE SIĂO;18574;691;942;1633;8.791859588672338
MG;48690;MORADA NOVA DE MINAS;7297;304;474;778;10.661915855831165
MG;48712;MORRO DA GARÇA;2852;66;184;250;8.76577840112202
MG;48739;MORRO DO PILAR;3681;72;402;474;12.876935615321925
MG;48755;MUNHOZ;5926;306;427;733;12.36922038474519
MG;48771;MURIAÉ;78178;3615;5684;9299;11.89465066898616
MG;48798;MUTUM;21385;867;1308;2175;10.170680383446342
MG;48810;MUZAMBINHO;18046;773;959;1732;9.597694780006648
MG;48836;NACIP RAYDAN;2907;34;200;234;8.04953560371517
MG;48852;NANUQUE;29714;1027;1591;2618;8.810661640977317
MG;48879;NATÉRCIA;4109;145;223;368;8.955950352883914
MG;48895;NAZARENO;6537;357;503;860;13.155881903013613
MG;48917;NEPOMUCENO;20948;975;1616;2591;12.368722551078863
MG;48933;NOVA ERA;15051;657;1061;1718;11.414523951896884
MG;48950;NOVA LIMA;76347;3072;4576;7648;10.017420461838709
MG;48976;NOVA MÓDICA;3669;78;274;352;9.593894794221859
MG;48992;NOVA PONTE;12637;614;797;1411;11.165624752710295
MG;49018;NOVA RESENDE;12885;601;813;1414;10.974000776096236
MG;49034;NOVA SERRANA;59483;2818;2576;5394;9.06813711480591
MG;49050;NOVO CRUZEIRO;24848;553;2014;2567;10.330811332904057
MG;49077;OLARIA;2265;90;160;250;11.037527593818984
MG;49093;OLÍMPIO NORONHA;2661;103;181;284;10.672679443818113
MG;49115;OLIVEIRA;33360;2096;2620;4716;14.136690647482014
MG;49131;OLIVEIRA FORTES;2422;95;188;283;11.684558216350124
MG;49158;ONÇA DE PITANGUI;3313;113;152;265;7.998792635073951
MG;49174;OURO BRANCO;31447;1670;2160;3830;12.179222183356122
MG;49190;OURO FINO;25223;1217;1433;2650;10.506283947191056
MG;49212;OURO PRETO;63588;3618;5689;9307;14.636409385418633
MG;49239;OURO VERDE DE MINAS;7037;89;473;562;7.9863578229359105
MG;49255;PADRE PARAÍSO;14155;357;1147;1504;10.625220770045921
MG;49271;PAINEIRAS;4222;141;313;454;10.753197536712458
MG;49298;PAINS;6811;248;410;658;9.660842754367934
MG;49310;PAIVA;1754;65;149;214;12.200684150513112
MG;49336;PALMA;5352;199;346;545;10.183109118086696
MG;49352;FRONTEIRA DOS VALES;3943;83;456;539;13.66979457266041
MG;49379;PAPAGAIOS;11460;543;836;1379;12.033158813263526
MG;49395;PARACATU;66561;4233;3670;7903;11.873319210949354
MG;49417;PARÁ DE MINAS;65993;3250;4642;7892;11.958844119830891
MG;49433;PARAGUAÇU;16917;733;945;1678;9.919016374061595
MG;49450;PARAISÓPOLIS;16431;883;1220;2103;12.798977542450245
MG;49476;PARAOPEBA;20124;894;1435;2329;11.573245875571457
MG;49492;PASSABÉM;1815;49;173;222;12.231404958677686
MG;49514;PASSA QUATRO;13348;919;1096;2015;15.095894516032365
MG;49530;PASSA TEMPO;7633;486;814;1300;17.031311410978645
MG;49557;PASSA VINTE;2224;58;161;219;9.847122302158272
MG;49573;PASSOS;80615;4322;4966;9288;11.521429014451405
MG;49590;PATOS DE MINAS;114135;5353;5556;10909;9.557979585578481
MG;49611;PATROCÍNIO;67706;3857;4191;8048;11.886686556582873
MG;49638;PATROCÍNIO DO MURIAÉ;5174;222;380;602;11.635098569771937
MG;49654;PAULA CÂNDIDO;7745;340;747;1087;14.034861200774692
MG;49670;PAULISTAS;4306;99;478;577;13.399907106363216
MG;49697;PAVĂO;6220;98;582;680;10.932475884244374
MG;49719;PEÇANHA;13545;392;1084;1476;10.897009966777409
MG;49735;PEDRA AZUL;18536;373;1372;1745;9.41411307725507
MG;49751;PEDRA DO ANTA;3263;125;399;524;16.058841556849526
MG;49778;PEDRA DO INDAIÁ;3628;161;220;381;10.50165380374862
MG;49794;PEDRA DOURADA;2738;96;217;313;11.431701972242513
MG;49816;PEDRALVA;9501;484;672;1156;12.167140301020945
MG;49832;PEDRINÓPOLIS;3145;111;165;276;8.7758346581876
MG;49859;PEDRO LEOPOLDO;48402;2289;3137;5426;11.210280566918723
MG;49875;PEDRO TEIXEIRA;2323;69;130;199;8.566508824795523
MG;49891;PEQUERI;3205;100;203;303;9.453978159126365
MG;49913;PEQUI;3660;99;250;349;9.535519125683061
MG;49930;PERDIGĂO;8062;305;405;710;8.80674770528405
MG;49956;PERDIZES;13551;535;682;1217;8.980887019408161
MG;49972;PERDŐES;17255;1143;1572;2715;15.734569689944944
MG;49999;PESCADOR;3577;55;256;311;8.694436678781102
MG;50016;PIAU;3031;132;227;359;11.84427581656219
MG;50032;PIEDADE DE PONTE NOVA;3832;155;327;482;12.578288100208768
MG;50059;PIEDADE DO RIO GRANDE;4085;158;397;555;13.586291309669523
MG;50075;PIEDADE DOS GERAIS;5039;332;311;643;12.760468346894225
MG;50091;PIMENTA;6967;507;527;1034;14.841395148557485
MG;50113;PIRACEMA;5582;417;527;944;16.911501254030814
MG;50130;PIRAJUBA;4374;210;279;489;11.179698216735254
MG;50156;PIRANGA;13867;653;1376;2029;14.631859811062235
MG;50172;PIRANGUÇU;4649;162;247;409;8.797590879759088
MG;50199;PIRANGUINHO;7143;316;474;790;11.059778804423912
MG;50210;PIRAPETINGA;9825;366;760;1126;11.460559796437659
MG;50237;PIRAPORA;41379;2143;2994;5137;12.414509775489984
MG;50253;PIRAÚBA;9626;503;702;1205;12.51817992935799
MG;50270;PITANGUI;21172;1005;1234;2239;10.575288116380124
MG;50296;PIUMHI;25611;1314;1430;2744;10.71414626527664
MG;50318;PLANURA;8306;484;568;1052;12.665542980977607
MG;50334;POÇO FUNDO;13003;703;828;1531;11.774205952472506
MG;50350;POÇOS DE CALDAS;122068;4867;6386;11253;9.218632237769112
MG;50377;POCRANE;7444;203;464;667;8.960236432025791
MG;50393;POMPÉU;24181;1305;2225;3530;14.598238286257805
MG;50415;PONTE NOVA;44716;2641;3333;5974;13.359871187047142
MG;50431;PORTEIRINHA;31298;1211;2516;3727;11.908109144354272
MG;50458;PORTO FIRME;9116;388;869;1257;13.78894251864853
MG;50474;POTÉ;12528;239;1175;1414;11.286717752234994
MG;50490;POUSO ALEGRE;108561;5710;6807;12517;11.52992326894557
MG;50512;POUSO ALTO;5521;307;409;716;12.968665096902734
MG;50539;PRADOS;7313;521;805;1326;18.132093532066186
MG;50555;PRATA;22201;1135;1212;2347;10.571595874059728
MG;50571;PRATÁPOLIS;7472;350;525;875;11.710385438972162
MG;50598;PRATINHA;2991;115;142;257;8.592443998662654
MG;50610;PRESIDENTE BERNARDES;5668;191;458;649;11.450247000705717
MG;50636;PRESIDENTE JUSCELINO;4107;98;275;373;9.082055028000974
MG;50652;PRESIDENTE KUBITSCHEK;2916;62;245;307;10.528120713305897
MG;50679;PRESIDENTE OLEGÁRIO;16418;653;1004;1657;10.092581313192838
MG;50695;ALTO JEQUITIBÁ;6983;208;442;650;9.308320206215095
MG;50717;PRUDENTE DE MORAIS;8128;527;756;1283;15.784940944881889
MG;50733;QUARTEL GERAL;3292;124;229;353;10.722964763061968
MG;50750;QUELUZITO;2525;85;185;270;10.693069306930694
MG;50776;RAPOSOS;13324;640;1078;1718;12.894025818072652
MG;50792;RAUL SOARES;18112;719;1452;2171;11.986528268551238
MG;50814;RECREIO;7910;253;475;728;9.20353982300885
MG;50830;RESENDE COSTA;9364;503;828;1331;14.214011106364802
MG;50857;RESPLENDOR;13071;320;516;836;6.395838114910872
MG;50873;RESSAQUINHA;4246;203;448;651;15.332077249175693
MG;50890;RIACHO DOS MACHADOS;7831;121;642;763;9.743327799770144
MG;50911;RIBEIRĂO DAS NEVES;224094;11743;16090;27833;12.420234365935723
MG;50938;RIBEIRĂO VERMELHO;3308;149;261;410;12.394195888754535
MG;50954;RIO ACIMA;8553;324;622;946;11.060446626914533
MG;50970;RIO CASCA;11101;508;843;1351;12.170074768038916
MG;50997;RIO DOCE;2474;106;219;325;13.136620856911884
MG;51012;RIO DO PRADO;4251;82;328;410;9.644789461303223
MG;51039;RIO ESPERA;5590;291;485;776;13.881932021466906
MG;51055;RIO MANSO;4722;154;356;510;10.800508259212197
MG;51071;RIO NOVO;7267;263;587;850;11.69671116003853
MG;51098;RIO PARANAÍBA;11074;638;791;1429;12.904099692974535
MG;51110;RIO PARDO DE MINAS;21494;385;1809;2194;10.207499767376943
MG;51136;RIO PIRACICABA;12372;668;1041;1709;13.813449725185903
MG;51152;RIO POMBA;14218;892;1223;2115;14.87550991700661
MG;51179;RIO PRETO;5285;153;324;477;9.025543992431409
MG;51195;RIO VERMELHO;10837;323;1066;1389;12.817200332195258
MG;51217;RITÁPOLIS;4691;261;510;771;16.43572798976764
MG;51233;ROCHEDO DE MINAS;2435;77;150;227;9.322381930184804
MG;51250;RODEIRO;6671;300;505;805;12.067156348373558
MG;51276;ROMARIA;3182;104;245;349;10.96794468887492
MG;51292;RUBELITA;7446;119;638;757;10.166532366371205
MG;51314;RUBIM;6876;128;534;662;9.627690517742874
MG;51330;SABARÁ;97838;5613;7347;12960;13.246386884441627
MG;51357;SABINÓPOLIS;12675;486;1220;1706;13.45956607495069
MG;51373;SACRAMENTO;20028;852;1038;1890;9.436788496105454
MG;51390;SALINAS;32461;918;2393;3311;10.199932226363945
MG;51411;SALTO DA DIVISA;4957;79;405;484;9.763970143231795
MG;51438;SANTA BÁRBARA;23800;1320;1974;3294;13.840336134453782
MG;51454;SANTA BÁRBARA DO TUGÚRIO;4437;204;484;688;15.505972503944108
MG;51470;SANTA CRUZ DO ESCALVADO;4858;177;389;566;11.65088513791684
MG;51497;SANTA EFIGĘNIA DE MINAS;4174;236;414;650;15.572592237661715
MG;51519;SANTA FÉ DE MINAS;3555;42;236;278;7.819971870604782
MG;51535;SANTA JULIANA;10506;652;748;1400;13.32571863696935
MG;51551;SANTA LUZIA;168917;9374;11798;21172;12.533966385858145
MG;51578;SANTA MARGARIDA;12819;381;866;1247;9.727747874249161
MG;51594;SANTA MARIA DE ITABIRA;8736;370;889;1259;14.411630036630035
MG;51616;SANTA MARIA DO SALTO;4421;119;332;451;10.201311920380004
MG;51632;SANTA MARIA DO SUAÇUÍ;12342;227;840;1067;8.645276292335117
MG;51659;SANTANA DA VARGEM;5950;338;465;803;13.495798319327731
MG;51675;SANTANA DE CATAGUASES;3208;66;232;298;9.28927680798005
MG;51691;SANTANA DE PIRAPAMA;7401;223;523;746;10.079718956897716
MG;51713;SANTANA DO DESERTO;3365;180;260;440;13.075780089153048
MG;51730;SANTANA DO GARAMBÉU;2279;90;206;296;12.988152698551996
MG;51756;SANTANA DO JACARÉ;3989;294;370;664;16.64577588368012
MG;51772;SANTANA DO MANHUAÇU;7699;218;451;669;8.689440187037277
MG;51799;SANTANA DO RIACHO;5658;170;315;485;8.57193354542241
MG;51810;SANTANA DOS MONTES;3757;227;309;536;14.266702155975514
MG;51837;SANTA RITA DE CALDAS;7038;173;362;535;7.601591361182154
MG;51853;SANTA RITA DE JACUTINGA;4191;196;293;489;11.667859699355763
MG;51870;SANTA RITA DE IBITIPOCA;3326;95;254;349;10.493084786530368
MG;51896;SANTA RITA DO ITUETO;5046;137;280;417;8.263971462544589
MG;51918;SANTA RITA DO SAPUCAÍ;30940;1567;1494;3061;9.893341952165482
MG;51934;SANTA ROSA DA SERRA;3289;98;165;263;7.996351474612344
MG;51950;SANTA VITÓRIA;17277;731;850;1581;9.150894252474389
MG;51977;SANTO ANTÔNIO DO AMPARO;14052;1071;1488;2559;18.210930828351838
MG;51993;SANTO ANTÔNIO DO AVENTUREIRO;3591;137;266;403;11.222500696184905
MG;52019;SANTO ANTÔNIO DO GRAMA;3948;162;321;483;12.23404255319149
MG;52035;SANTO ANTÔNIO DO ITAMBÉ;3924;133;411;544;13.863404689092762
MG;52051;SANTO ANTÔNIO DO JACINTO;9328;198;812;1010;10.827615780445969
MG;52078;SANTO ANTÔNIO DO MONTE;20332;797;886;1683;8.277591973244148
MG;52094;SANTO ANTÔNIO DO RIO ABAIXO;2127;52;176;228;10.719322990126939
MG;52116;SANTO HIPÓLITO;3039;81;229;310;10.200723922342876
MG;52132;SANTOS DUMONT;38413;2520;3206;5726;14.906411891807462
MG;52159;SĂO BENTO ABADE;4164;173;327;500;12.007684918347742
MG;52175;SĂO BRÁS DO SUAÇUÍ;3580;222;361;583;16.28491620111732
MG;52191;SĂO DOMINGOS DO PRATA;14208;550;1161;1711;12.04251126126126
MG;52213;SĂO FRANCISCO;41331;729;1952;2681;6.48665650480269
MG;52230;SĂO FRANCISCO DE PAULA;5968;238;452;690;11.56166219839142
MG;52256;SĂO FRANCISCO DE SALES;4622;135;242;377;8.156642146257031
MG;52272;SĂO FRANCISCO DO GLÓRIA;4002;98;311;409;10.219890054972513
MG;52299;SĂO GERALDO;7089;360;612;972;13.711383834109183
MG;52310;SĂO GERALDO DA PIEDADE;3952;133;302;435;11.007085020242915
MG;52337;SĂO GONÇALO DO ABAETÉ;5238;145;276;421;8.03741886216113
MG;52353;SĂO GONÇALO DO PARÁ;8719;437;628;1065;12.214703521045992
MG;52370;SĂO GONÇALO DO RIO ABAIXO;10462;559;1095;1654;15.809596635442555
MG;52396;SĂO GONÇALO DO SAPUCAÍ;19242;991;1286;2277;11.833489242282507
MG;52418;SĂO GOTARDO;29120;1906;1886;3792;13.021978021978024
MG;52434;SĂO JOĂO BATISTA DO GLÓRIA;6245;307;370;677;10.840672538030423
MG;52450;SĂO JOĂO DA MATA;2995;117;180;297;9.91652754590985
MG;52477;SĂO JOĂO DA PONTE;22573;470;1618;2088;9.24998892482169
MG;52493;SĂO JOĂO DEL REI;70023;4268;5248;9516;13.58982048755409
MG;52515;SĂO JOĂO DO ORIENTE;7249;279;507;786;10.842874879293696
MG;52531;SĂO JOĂO DO PARAÍSO;17267;727;1757;2484;14.385822667516072
MG;52558;SĂO JOĂO EVANGELISTA;12751;312;997;1309;10.26586150105874
MG;52574;SĂO JOĂO NEPOMUCENO;20538;929;1371;2300;11.198753530041873
MG;52590;SĂO JOSÉ DA SAFIRA;3952;82;276;358;9.058704453441296
MG;52612;SĂO JOSÉ DA VARGINHA;3850;169;268;437;11.35064935064935
MG;52639;SĂO JOSÉ DO ALEGRE;3671;241;302;543;14.791609915554346
MG;52655;SĂO JOSÉ DO DIVINO;3341;52;209;261;7.8120323256510025
MG;52671;SĂO JOSÉ DO GOIABAL;4742;151;416;567;11.956980177140448
MG;52698;SĂO JOSÉ DO JACURI;5313;169;532;701;13.194052324487107
MG;52710;SĂO JOSÉ DO MANTIMENTO;2763;90;214;304;11.00253347810351
MG;52736;SĂO LOURENÇO;34593;1414;1795;3209;9.276443211054259
MG;52752;SĂO MIGUEL DO ANTA;6052;435;636;1071;17.696629213483146
MG;52779;SĂO PEDRO DA UNIĂO;4253;209;304;513;12.06207383023748
MG;52795;SĂO PEDRO DOS FERROS;6466;211;536;747;11.552737395607794
MG;52817;SĂO PEDRO DO SUAÇUÍ;4756;74;379;453;9.524810765349033
MG;52833;SĂO ROMĂO;7141;143;449;592;8.290155440414509
MG;52850;SĂO ROQUE DE MINAS;5646;191;251;442;7.828551186680836
MG;52876;SĂO SEBASTIĂO DA BELA VISTA;5697;166;327;493;8.653677374056521
MG;52892;SĂO SEBASTIĂO DO MARANHĂO;8908;173;631;804;9.025594970812753
MG;52914;SĂO SEBASTIĂO DO OESTE;6160;276;448;724;11.753246753246753
MG;52930;SĂO SEBASTIĂO DO PARAÍSO;50981;2295;3222;5517;10.821678664600537
MG;52957;SĂO SEBASTIĂO DO RIO PRETO;1868;33;123;156;8.35117773019272
MG;52973;SĂO SEBASTIĂO DO RIO VERDE;2073;73;152;225;10.85383502170767
MG;52990;SĂO TIAGO;9090;681;810;1491;16.402640264026402
MG;53015;SĂO TOMÁS DE AQUINO;5901;227;350;577;9.778003728181664
MG;53031;SĂO THOMÉ DAS LETRAS;4875;246;483;729;14.953846153846154
MG;53058;SĂO VICENTE DE MINAS;5694;222;439;661;11.608710923779416
MG;53074;SAPUCAÍ-MIRIM;5546;235;386;621;11.197259285971873
MG;53090;SARDOÁ;5012;223;523;746;14.884277733439744
MG;53112;SENADOR CORTES;2435;78;176;254;10.431211498973306
MG;53139;SENADOR FIRMINO;6810;266;647;913;13.406754772393539
MG;53155;SENADOR JOSÉ BENTO;2225;51;108;159;7.146067415730337
MG;53171;SENADOR MODESTINO GONÇALVES;4578;127;358;485;10.594145915246834
MG;53198;SENHORA DE OLIVEIRA;5555;261;425;686;12.34923492349235
MG;53210;SENHORA DO PORTO;3252;83;301;384;11.808118081180812
MG;53236;SENHORA DOS REMÉDIOS;8231;266;903;1169;14.202405540031588
MG;53252;SERICITA;6606;234;420;654;9.900090826521344
MG;53279;SERITINGA;1884;82;140;222;11.78343949044586
MG;53295;SERRA AZUL DE MINAS;3681;89;391;480;13.039934800325998
MG;53317;SERRA DA SAUDADE;1097;11;49;60;5.469462169553328
MG;53333;SERRA DOS AIMORÉS;5682;132;341;473;8.324533614924322
MG;53350;SERRA DO SALITRE;9285;395;479;874;9.413031771674744
MG;53376;SERRANIA;6547;268;358;626;9.56163128150298
MG;53392;SERRANOS;2085;69;162;231;11.07913669064748
MG;53414;SERRO;17279;564;1588;2152;12.454424445859136
MG;53430;SETE LAGOAS;172684;10561;13504;24065;13.935859720645805
MG;53457;SILVEIRÂNIA;2529;105;194;299;11.822854883353104
MG;53473;SILVIANÓPOLIS;4875;141;342;483;9.907692307692308
MG;53490;SIMĂO PEREIRA;2989;55;171;226;7.561057209769154
MG;53511;SIMONÉSIA;15695;719;1248;1967;12.53265371137305
MG;53538;SOBRÁLIA;4477;82;312;394;8.800536073263347
MG;53554;SOLEDADE DE MINAS;5044;208;309;517;10.249801744647105
MG;53570;TABULEIRO;4228;180;367;547;12.937559129612108
MG;53597;TAIOBEIRAS;26339;702;1708;2410;9.14992976194996
MG;53619;TAPIRA;4568;98;161;259;5.669877408056042
MG;53635;TAPIRAÍ;1859;39;98;137;7.369553523399677
MG;53651;TAQUARAÇU DE MINAS;4754;143;292;435;9.150189314261674
MG;53678;TARUMIRIM;10738;309;693;1002;9.331346619482213
MG;53694;TEIXEIRAS;10535;541;1053;1594;15.130517323208354
MG;53716;TEÓFILO OTONI;106253;4121;7096;11217;10.556878394021815
MG;53732;TIMÓTEO;59677;2780;3344;6124;10.261909948556395
MG;53759;TIRADENTES;6924;360;494;854;12.333911034084345
MG;53775;TIROS;6246;209;333;542;8.67755363432597
MG;53791;TOCANTINS;13421;768;1052;1820;13.560837493480365
MG;53813;TOLEDO;6374;251;450;701;10.997803577031691
MG;53830;TOMBOS;7194;287;512;799;11.106477620239088
MG;53856;TRĘS CORAÇŐES;56992;3927;4201;8128;14.261650758001124
MG;53872;TRĘS PONTAS;45139;2394;2646;5040;11.165510977203748
MG;53899;TUMIRITINGA;5480;121;287;408;7.445255474452554
MG;53910;TUPACIGUARA;20217;1049;1324;2373;11.737646535094228
MG;53937;TURMALINA;15812;539;1033;1572;9.94181634201872
MG;53953;TURVOLÂNDIA;4578;190;349;539;11.773700305810397
MG;53970;UBÁ;71751;3762;4939;8701;12.126660255606193
MG;53996;UBAÍ;9432;160;668;828;8.778625954198473
MG;54011;UBERABA;233256;12025;15424;27449;11.767757313852591
MG;54038;UBERLÂNDIA;514613;24495;33226;57721;11.21638979194074
MG;54054;UMBURATIBA;2645;66;171;237;8.96030245746692
MG;54070;UNAÍ;63054;2395;2760;5155;8.175532083610873
MG;54097;URUCÂNIA;8613;508;824;1332;15.464994775339601
MG;54119;VARGEM BONITA;2592;74;111;185;7.137345679012346
MG;54135;VARGINHA;102786;5197;6090;11287;10.981067460549102
MG;54151;VÁRZEA DA PALMA;27026;1260;2002;3262;12.069858654628876
MG;54178;VARZELÂNDIA;16194;321;1039;1360;8.398172162529331
MG;54194;VAZANTE;16625;680;851;1531;9.209022556390977
MG;54216;WENCESLAU BRAZ;2468;66;184;250;10.12965964343598
MG;54232;VERÍSSIMO;3033;69;170;239;7.879986811737553
MG;54259;VESPASIANO;89307;4564;5743;10307;11.541088604476693
MG;54275;VIÇOSA;60383;3725;4582;8307;13.757183313184173
MG;54291;VIEIRAS;3670;113;260;373;10.163487738419619
MG;54313;MATHIAS LOBATO;3291;82;177;259;7.869948343968399
MG;54330;VIRGEM DA LAPA;10237;250;918;1168;11.40959265409788
MG;54356;VIRGÍNIA;7270;256;403;659;9.064649243466299
MG;54372;VIRGINÓPOLIS;8918;426;848;1274;14.285714285714285
MG;54399;VIRGOLÂNDIA;4584;165;428;593;12.93630017452007
MG;54410;VISCONDE DO RIO BRANCO;30348;1698;2336;4034;13.292473968630553
MG;54437;VOLTA GRANDE;4338;147;300;447;10.304287690179805
MG;54453;ITAÚ DE MINAS;12316;549;697;1246;10.116921078272165
SP;61000;EUCLIDES DA CUNHA PAULISTA;14228;254;421;675;4.744166432386843
SP;61018;ADAMANTINA;55286;2032;2312;4344;7.857323734761061
SP;61026;BOREBI;4444;134;183;317;7.133213321332134
SP;61034;ADOLFO;8599;251;369;620;7.210140714036515
SP;61042;TARUMĂ;23412;719;875;1594;6.808474286690585
SP;61050;AGUAÍ;48142;2484;2929;5413;11.243820364754269
SP;61069;MOTUCA;7155;314;388;702;9.811320754716983
SP;61077;ÁGUAS DA PRATA;12642;477;680;1157;9.15203290618573
SP;61085;IARAS;9140;305;324;629;6.8818380743982495
SP;61093;ÁGUAS DE LINDÓIA;29796;1149;1844;2993;10.044972479527454
SP;61107;GUATAPARÁ;11801;451;538;989;8.380645707990848
SP;61115;ÁGUAS DE SĂO PEDRO;7945;141;256;397;4.99685336689742
SP;61123;DIRCE REIS;3252;71;107;178;5.4735547355473555
SP;61131;AGUDOS;60990;2346;3400;5746;9.421216592884079
SP;61140;ESPÍRITO SANTO DO TURVO;7060;239;270;509;7.209631728045325
SP;61158;ALFREDO MARCONDES;8094;158;262;420;5.1890289103039295
SP;61166;ROSANA;30645;851;1126;1977;6.451297112090064
SP;61174;ALTAIR;6389;197;266;463;7.246830489904524
SP;61182;EMBAÚBA;4750;136;192;328;6.905263157894737
SP;61190;ALTINÓPOLIS;24767;1271;1357;2628;10.610893527677959
SP;61204;ILHA SOLTEIRA;43218;1204;2163;3367;7.7907353417557506
SP;61212;ALTO ALEGRE;7285;180;351;531;7.28894989704873
SP;61220;ALUMÍNIO;29021;1353;1594;2947;10.154715550808035
SP;61239;ÁLVARES FLORENCE;7600;189;304;493;6.4868421052631575
SP;61247;PEDRINHAS PAULISTA;5558;142;235;377;6.783015473191796
SP;61255;ÁLVARES MACHADO;38451;1216;1613;2829;7.357415931965358
SP;61263;ARAÇARIGUAMA;34492;1617;1796;3413;9.895048127101937
SP;61271;ÁLVARO DE CARVALHO;6011;229;368;597;9.93179171518882
SP;61280;BERTIOGA;96361;3578;4263;7841;8.137109411483898
SP;61298;ALVINLÂNDIA;5434;203;197;400;7.361059992638939
SP;61301;SUZANÁPOLIS;5894;208;289;497;8.432304038004752
SP;61310;AMERICANA;360562;13675;18892;32567;9.032288482979348
SP;61328;SANTO ANTÔNIO DO ARACANGUÁ;13997;230;408;638;4.558119597056512
SP;61336;AMÉRICO BRASILIENSE;57154;2752;3810;6562;11.481261154074955
SP;61344;CANITAR;7814;382;432;814;10.417199897619657
SP;61352;AMÉRICO DE CAMPOS;9878;278;481;759;7.683741648106904
SP;61360;BARRA DO CHAPÉU;9590;344;477;821;8.561001042752867
SP;61379;AMPARO;114763;5160;7290;12450;10.848444184972509
SP;61387;EMILIANÓPOLIS;5450;159;145;304;5.577981651376147
SP;61395;ANALÂNDIA;9080;333;455;788;8.678414096916299
SP;61409;NOVAIS;7340;228;404;632;8.610354223433243
SP;61417;ANDRADINA;91065;4205;4442;8647;9.49541536265305
SP;61425;NOVA CANAĂ PAULISTA;4074;147;167;314;7.7074128620520375
SP;61433;ANGATUBA;36745;1382;1888;3270;8.899169955095932
SP;61441;SALTINHO;13726;458;579;1037;7.555005099810579
SP;61450;ANHEMBI;11809;394;485;879;7.443475315437379
SP;61468;UBARANA;9272;358;384;742;8.002588438308887
SP;61476;ANHUMAS;6796;149;221;370;5.44437904649794
SP;61484;CAJATI;48244;1675;2228;3903;8.090125196915679
SP;61492;APARECIDA;57086;2223;2350;4573;8.010720667063728
SP;61506;CAMPINA DO MONTE ALEGRE;9901;315;489;804;8.12039187960812
SP;61514;APARECIDA D OESTE;7996;194;314;508;6.353176588294147
SP;61522;ASPÁSIA;3790;78;130;208;5.488126649076517
SP;61530;APIAÍ;40924;1781;2125;3906;9.54452155214544
SP;61549;VARGEM;13867;743;1062;1805;13.016514026105142
SP;61557;ARAÇATUBA;307145;9367;12857;22224;7.235670448810823
SP;61565;POTIM;26167;1117;1152;2269;8.671227118125884
SP;61573;ARAÇOIABA DA SERRA;49538;2099;2643;4742;9.572449432758692
SP;61581;ALAMBARI;9859;311;449;760;7.708692565168882
SP;61590;ARAMINA;9216;360;419;779;8.452690972222223
SP;61603;ITAOCA;6181;158;255;413;6.681766704416761
SP;61611;ARANDU;11620;638;636;1274;10.963855421686747
SP;61620;TUIUTI;11012;501;696;1197;10.869960043588813
SP;61638;ARARAQUARA;362289;14103;21481;35584;9.821992939338484
SP;61646;ARAPEÍ;4958;122;258;380;7.664380798709157
SP;61654;ARARAS;202835;9341;12537;21878;10.786106934207606
SP;61662;ESTIVA GERBI;18873;766;1129;1895;10.040799025062258
SP;61670;AREALVA;12762;493;681;1174;9.199185080708352
SP;61689;ENGENHEIRO COELHO;29852;1061;1296;2357;7.895618384027871
SP;61697;AREIAS;6515;147;256;403;6.185725249424405
SP;61700;RIBEIRĂO GRANDE;13408;504;568;1072;7.995226730310262
SP;61719;AREIÓPOLIS;17112;1020;989;2009;11.740299205236091
SP;61727;HORTOLÂNDIA;330681;13761;18091;31852;9.632243763627182
SP;61735;ARIRANHA;13918;561;769;1330;9.55597068544331
SP;61743;HOLAMBRA;24544;929;1130;2059;8.389015645371579
SP;61751;ARTUR NOGUEIRA;76819;3389;4398;7787;10.136815110844974
SP;61760;ELISIÁRIO;5452;189;269;458;8.400586940572268
SP;61778;ARUJÁ;142067;6317;8873;15190;10.692138216475325
SP;61786;BOM SUCESSO DE ITARARÉ;6670;168;223;391;5.862068965517241
SP;61794;ASSIS;147740;4799;6062;10861;7.351428184648707
SP;61808;PONTALINDA;6578;256;314;570;8.665247795682578
SP;61816;ATIBAIA;239829;11637;14856;26493;11.046620717261048
SP;61824;PARISI;5457;111;248;359;6.578706248854682
SP;61832;AURIFLAMA;21885;672;878;1550;7.082476582133881
SP;61840;TAQUARIVAÍ;10061;391;426;817;8.120465162508697
SP;61859;AVAÍ;8282;213;289;502;6.061337841101183
SP;61867;MARAPOAMA;5540;188;299;487;8.790613718411553
SP;61875;AVANHANDAVA;15808;675;707;1382;8.742408906882591
SP;61883;SĂO JOĂO DE IRACEMA;3440;77;128;205;5.959302325581396
SP;61891;AVARÉ;137310;6585;7831;14416;10.49887116743136
SP;61905;SĂO LOURENÇO DA SERRA;24914;1034;1439;2473;9.92614594204062
SP;61913;BADY BASSITT;28646;800;1397;2197;7.669482650282762
SP;61921;ZACARIAS;4919;99;247;346;7.033949989835333
SP;61930;BALBINOS;3058;81;127;208;6.801831262262917
SP;61948;ITAPIRAPUĂ PAULISTA;6654;284;268;552;8.29576194770063
SP;61956;BÁLSAMO;14959;511;678;1189;7.948392272210709
SP;61964;MESÓPOLIS;3564;116;131;247;6.930415263748597
SP;61972;BANANAL;17552;564;942;1506;8.580218778486783
SP;61980;NOVA CAMPINA;14258;403;484;887;6.221068873614813
SP;61999;BARBOSA;10518;287;451;738;7.01654306902453
SP;62006;ILHA COMPRIDA;25577;566;1068;1634;6.388552214880557
SP;62014;BARĂO DE ANTONINA;5572;217;278;495;8.883704235463028
SP;62022;LOURDES;3907;69;132;201;5.144612234450985
SP;62030;BARIRI;50433;2310;2753;5063;10.039061725457538
SP;62049;TORRE DE PEDRA;5173;133;267;400;7.732456988208003
SP;62057;BARRA BONITA;60211;2697;3490;6187;10.275531049143845
SP;62065;ARCO-ÍRIS;4498;84;140;224;4.979991107158737
SP;62073;BARRA DO TURVO;14466;270;521;791;5.467993916770358
SP;62081;BREJO ALEGRE;5143;182;258;440;8.555317907835894
SP;62090;BARRETOS;181789;7100;8092;15192;8.356941289076897
SP;62103;CANAS;7870;275;397;672;8.538754764930115
SP;62111;BARRINHA;49060;2953;2617;5570;11.353444761516512
SP;62120;PRACINHA;2710;81;109;190;7.011070110701106
SP;62138;BARUERI;558360;23902;29473;53375;9.559244931585358
SP;62146;PRATÂNIA;9798;507;517;1024;10.451112471933047
SP;62154;BASTOS;36167;1533;1503;3036;8.394392678408494
SP;62162;QUADRA;7610;230;307;537;7.056504599211563
SP;62170;BATATAIS;89986;4459;4948;9407;10.453848376414108
SP;62189;SANTA CRUZ DA ESPERANÇA;4378;120;251;371;8.474189127455459
SP;62197;BAURU;560289;22441;29607;52048;9.289491673047303
SP;62200;SANTA SALETE;3433;93;131;224;6.524905330614623
SP;62219;BEBEDOURO;119948;5334;5609;10943;9.12312001867476
SP;62227;VITÓRIA BRASIL;3254;97;144;241;7.406269207129687
SP;62235;BENTO DE ABREU;4320;142;185;327;7.569444444444444
SP;62243;IPIGUÁ;8756;324;371;695;7.93741434444952
SP;62251;BERNARDINO DE CAMPOS;16899;730;933;1663;9.840818983371797
SP;62260;TAQUARAL;4596;191;238;429;9.33420365535248
SP;62278;BILAC;12817;284;580;864;6.7410470468908485
SP;62286;FERNĂO;3172;97;175;272;8.575031525851198
SP;62294;BIRIGUI;178414;6768;10496;17264;9.676370688398892
SP;62308;GAVIĂO PEIXOTO;8250;450;420;870;10.545454545454545
SP;62316;BIRITIBA MIRIM;47931;2642;2960;5602;11.687634307650582
SP;62324;JUMIRIM;4869;155;179;334;6.859724789484494
SP;62332;BOA ESPERANÇA DO SUL;20972;848;1024;1872;8.926187297348847
SP;62340;NANTES;4668;106;139;245;5.248500428449015
SP;62359;BOCAINA;18255;817;1128;1945;10.65461517392495
SP;62367;NOVA CASTILHO;2566;74;89;163;6.352299298519096
SP;62375;BOFETE;17196;646;928;1574;9.15329146313096
SP;62383;OUROESTE;14997;525;741;1266;8.441688337667534
SP;62391;BOITUVA;92798;3820;5482;9302;10.023922929373478
SP;62405;PAULISTÂNIA;3814;83;160;243;6.371263765076035
SP;62413;BOM JESUS DOS PERDŐES;36757;1786;2421;4207;11.445438964006856
SP;62421;RIBEIRĂO DOS ÍNDIOS;3756;113;159;272;7.24174653887114
SP;62430;BORÁ;2078;67;77;144;6.9297401347449465
SP;62448;TRABIJU;3170;57;117;174;5.488958990536277
SP;62456;BORACÉIA;7980;323;413;736;9.223057644110275
SP;62472;BORBOREMA;23082;681;1205;1886;8.170869075470064
SP;62499;BOTUCATU;214529;9853;14663;24516;11.427825608658969
SP;62510;BRAGANÇA PAULISTA;270730;12740;16705;29445;10.87614966941233
SP;62553;BRAÚNA;8541;273;330;603;7.060063224446786
SP;62570;BRODOWSKI;36297;1507;2058;3565;9.821748353858444
SP;62596;BROTAS;37843;1536;2004;3540;9.354438073091456
SP;62618;BURI;31656;1316;1339;2655;8.387035633055346
SP;62634;BURITAMA;27327;967;1257;2224;8.13847110915944
SP;62650;BURITIZAL;7643;232;362;594;7.771817349208426
SP;62677;CABRÁLIA PAULISTA;6785;267;322;589;8.680913780397937
SP;62693;CABREÚVA;70834;3825;4781;8606;12.149532710280374
SP;62715;CAÇAPAVA;149581;6186;8293;14479;9.679705310166398
SP;62731;CACHOEIRA PAULISTA;50966;1899;2213;4112;8.06812384727073
SP;62758;CACONDE;29149;1049;1355;2404;8.247281210333115
SP;62774;CAFELÂNDIA;26421;1001;1180;2181;8.254797320313386
SP;62790;CAIABU;6631;140;192;332;5.0067863067410645
SP;62812;CAIEIRAS;141691;5837;8553;14390;10.155902633194769
SP;62839;CAIUÁ;7878;143;290;433;5.496318862655496
SP;62855;CAJAMAR;135939;6851;7940;14791;10.880615570218994
SP;62871;CAJOBI;15687;511;742;1253;7.987505577867024
SP;62898;CAJURU;38613;1720;2228;3948;10.22453577810582
SP;62910;CAMPINAS;1757615;64289;97571;161860;9.209070245759168
SP;62936;CAMPO LIMPO PAULISTA;123038;5678;8129;13807;11.221736374128318
SP;62952;CAMPOS DO JORDĂO;79704;4472;5198;9670;12.132389842416941
SP;62979;CAMPOS NOVOS PAULISTA;7590;243;278;521;6.86429512516469
SP;62995;CANANÉIA;19858;629;914;1543;7.770168194178669
SP;63010;CÂNDIDO MOTA;49381;2113;2400;4513;9.139142585204835
SP;63037;CÂNDIDO RODRIGUES;5146;233;249;482;9.366498251068792
SP;63053;CAPĂO BONITO;72958;3519;3543;7062;9.67954165410236
SP;63070;CAPELA DO ALTO;29788;1313;1438;2751;9.235262521820868
SP;63096;CAPIVARI;78456;3455;4154;7609;9.698429693076374
SP;63118;CARAGUATATUBA;210038;8518;11002;19520;9.293556404079261
SP;63134;CARAPICUÍBA;600397;28858;34318;63176;10.522371031167712
SP;63150;CARDOSO;20442;707;902;1609;7.871049799432541
SP;63177;CASA BRANCA;41673;1928;2302;4230;10.150457130516163
SP;63193;CÁSSIA DOS COQUEIROS;5626;166;326;492;8.745111980092428
SP;63215;CASTILHO;31457;1336;1466;2802;8.907397399624886
SP;63231;CATANDUVA;175970;5902;10125;16027;9.107802466329488
SP;63258;CATIGUÁ;11646;447;903;1350;11.591962905718702
SP;63274;CEDRAL;15394;467;715;1182;7.678316227101469
SP;63290;CERQUEIRA CÉSAR;32038;1564;1543;3107;9.697858792683688
SP;63312;CERQUILHO;73548;3412;4555;7967;10.83238157393811
SP;63339;CESÁRIO LANGE;27928;1517;2063;3580;12.818676596963622
SP;63355;CHARQUEADA;26594;1063;1386;2449;9.208844100172971
SP;63371;CHAVANTES;17542;781;970;1751;9.981758066355034
SP;63398;CLEMENTINA;11045;316;568;884;8.00362154821186
SP;63410;COLINA;30017;1222;1416;2638;8.788353266482327
SP;63436;COLÔMBIA;11660;351;499;850;7.289879931389365
SP;63452;CONCHAL;44114;2382;2433;4815;10.914902298590016
SP;63479;CONCHAS;27522;985;1230;2215;8.048106968970279
SP;63495;CORDEIRÓPOLIS;39671;1743;2209;3952;9.96193693125961
SP;63517;COROADOS;8359;218;374;592;7.082186864457471
SP;63533;CORONEL MACEDO;7662;278;296;574;7.491516575306709
SP;63550;CORUMBATAÍ;7032;283;439;722;10.267349260523321
SP;63576;COSMÓPOLIS;92844;4607;5962;10569;11.383611218818663
SP;63592;COSMORAMA;14254;416;547;963;6.755998316262102
SP;63614;COTIA;369828;17808;20958;38766;10.48217008987962
SP;63630;CRAVINHOS;54635;2204;3104;5308;9.715383911412099
SP;63657;CRISTAIS PAULISTA;14906;535;629;1164;7.808935998926607
SP;63673;CRUZÁLIA;4026;74;124;198;4.918032786885246
SP;63690;CRUZEIRO;120413;4889;7523;12412;10.307857125061247
SP;63711;CUBATĂO;188453;7175;9233;16408;8.706680180204081
SP;63738;CUNHA;34837;1339;1682;3021;8.671814450153573
SP;63754;DESCALVADO;50405;2813;3923;6736;13.363753595873426
SP;63770;DIADEMA;677867;29098;44256;73354;10.821296803060187
SP;63797;DIVINOLÂNDIA;19046;973;1688;2661;13.971437572193638
SP;63819;DOBRADA;13072;603;733;1336;10.2203182374541
SP;63835;DOIS CÓRREGOS;39906;1690;1808;3498;8.76559915802135
SP;63851;DOLCINÓPOLIS;4364;116;189;305;6.9890009165902836
SP;63878;DOURADO;14628;902;1146;2048;14.000546896363138
SP;63894;DRACENA;70594;2090;2569;4659;6.59971102359974
SP;63916;DUARTINA;21011;663;898;1561;7.429441721003284
SP;63932;DUMONT;14284;665;860;1525;10.676281153738449
SP;63959;ECHAPORĂ;10577;368;498;866;8.187576817623144
SP;63975;ELDORADO;23563;532;774;1306;5.542587955693247
SP;63991;ELIAS FAUSTO;28169;1440;1987;3427;12.165856082928043
SP;64017;EMBU DAS ARTES;398936;20157;25433;45590;11.42789820923657
SP;64033;EMBU-GUAÇU;112692;4917;6977;11894;10.554431547935968
SP;64050;ESTRELA D OESTE;14611;597;738;1335;9.13695161179933
SP;64076;ESTRELA DO NORTE;5126;131;181;312;6.086617245415528
SP;64092;FARTURA;26480;970;1212;2182;8.240181268882175
SP;64114;FERNANDÓPOLIS;108463;3906;4246;8152;7.515927090344173
SP;64130;FERNANDO PRESTES;10182;470;499;969;9.51679434295816
SP;64157;FERRAZ DE VASCONCELOS;267319;13356;18047;31403;11.747387952221878
SP;64173;FLORA RICA;3164;83;84;167;5.278128950695322
SP;64190;FLOREAL;5317;164;252;416;7.823960880195599
SP;64211;FLÓRIDA PAULISTA;16130;678;700;1378;8.543087414755114
SP;64238;FLORÍNEA;5408;169;259;428;7.914201183431953
SP;64254;FRANCA;494712;19636;24099;43735;8.840497097301055
SP;64270;FRANCISCO MORATO;262277;13311;16225;29536;11.261376331130828
SP;64297;FRANCO DA ROCHA;209908;10076;14627;24703;11.768489052346743
SP;64319;GABRIEL MONTEIRO;5104;134;266;400;7.836990595611286
SP;64335;GÁLIA;10522;281;469;750;7.127922448203764
SP;64351;GARÇA;70965;3255;3684;6939;9.778059606848446
SP;64378;GASTĂO VIDIGAL;5726;191;205;396;6.9158225637443245
SP;64394;GENERAL SALGADO;16741;463;609;1072;6.403440654680128
SP;64416;GETULINA;16144;554;702;1256;7.7799801783944496
SP;64432;GLICÉRIO;7738;254;295;549;7.09485655208064
SP;64459;GUAIÇARA;17376;874;878;1752;10.082872928176796
SP;64475;GUAIMBĘ;9444;294;471;765;8.100381194409149
SP;64491;GUAÍRA;61803;2628;2707;5335;8.632267042052975
SP;64513;GUAPIAÇU;31098;1330;1591;2921;9.392887002379574
SP;64530;GUAPIARA;30116;971;1238;2209;7.33497144375083
SP;64556;GUARÁ;28226;982;1304;2286;8.098915893148162
SP;64572;GUARAÇAÍ;13292;479;669;1148;8.636773999398134
SP;64599;GUARACI;17102;408;678;1086;6.350134487194479
SP;64610;GUARANI D OESTE;3262;51;106;157;4.812998160637646
SP;64637;GUARANTĂ;10353;477;459;936;9.040857722399306
SP;64653;GUARARAPES;46754;1607;2248;3855;8.245283825982803
SP;64670;GUARAREMA;51286;2098;2794;4892;9.538665522754748
SP;64696;GUARATINGUETÁ;190753;7253;8044;15297;8.019270994427348
SP;64718;GUAREÍ;19066;1280;1367;2647;13.883352564774992
SP;64734;GUARIBA;59094;2578;2711;5289;8.950147223068331
SP;64750;GUARUJÁ;471326;22696;27406;50102;10.630009802132706
SP;64777;GUARULHOS;1855119;88015;151457;239472;12.908713672815598
SP;64793;GUZOLÂNDIA;7094;255;293;548;7.724837891175642
SP;64815;HERCULÂNDIA;14444;435;754;1189;8.231791747438383
SP;64831;IACANGA;17184;569;692;1261;7.338221601489758
SP;64858;IACRI;10259;354;517;871;8.490106248172337
SP;64874;IBATÉ;52588;3435;3802;7237;13.761694683197687
SP;64890;IBIRÁ;18672;664;912;1576;8.44044558697515
SP;64912;IBIRAREMA;10483;488;529;1017;9.70142134885052
SP;64939;IBITINGA;88369;4144;4769;8913;10.086116171960755
SP;64955;IBIÚNA;126727;5991;8251;14242;11.238331215920837
SP;64971;ICÉM;12651;280;527;807;6.3789423760967505
SP;64998;IEPĘ;12674;267;449;716;5.649360896323182
SP;65013;IGARAÇU DO TIETĘ;37480;2564;2800;5364;14.311632870864461
SP;65030;IGARAPAVA;42834;2014;1844;3858;9.006863706401456
SP;65056;IGARATÁ;18191;563;976;1539;8.46022758506954
SP;65072;IGUAPE;47352;1384;2037;3421;7.22461564453455
SP;65099;ILHABELA;58721;2368;2660;5028;8.562524480168934
SP;65110;INDAIATUBA;377482;16148;21166;37314;9.884974647797776
SP;65137;INDIANA;7872;261;356;617;7.8379065040650415
SP;65153;INDIAPORĂ;5974;133;255;388;6.494810847003682
SP;65170;INÚBIA PAULISTA;6061;246;274;520;8.579442336248144
SP;65196;IPAUSSU;21495;962;1085;2047;9.523144917422655
SP;65218;IPERÓ;42811;1691;2511;4202;9.815234402373221
SP;65234;IPEÚNA;11292;388;573;961;8.51044987601842
SP;65250;IPORANGA;6878;161;295;456;6.629834254143646
SP;65277;IPUĂ;22978;989;989;1978;8.608233962921055
SP;65293;IRACEMÁPOLIS;36097;1393;1848;3241;8.978585478017564
SP;65315;IRAPUĂ;11380;408;495;903;7.934973637961336
SP;65331;IRAPURU;10056;378;442;820;8.154335719968179
SP;65358;ITABERÁ;28625;1229;1238;2467;8.61834061135371
SP;65374;ITAÍ;35016;1552;1627;3179;9.078706876856295
SP;65390;ITAJOBI;25412;788;1260;2048;8.059184637179285
SP;65412;ITAJU;6348;236;321;557;8.774417139256458
SP;65439;ITANHAÉM;169491;6159;8487;14646;8.641166787617042
SP;65455;ITAPECERICA DA SERRA;247356;12028;14984;27012;10.920293018968612
SP;65471;ITAPETININGA;235641;10898;12460;23358;9.912536443148689
SP;65498;ITAPEVA;143900;6607;6431;13038;9.060458651841556
SP;65510;ITAPEVI;327674;17666;18191;35857;10.942888358551487
SP;65536;ITAPIRA;114843;6474;8242;14716;12.814015656156666
SP;65552;ITÁPOLIS;62702;2869;3076;5945;9.481356256578739
SP;65579;ITAPORANGA;23236;829;1013;1842;7.927354105698055
SP;65595;ITAPUÍ;20369;975;1033;2008;9.858117727919877
SP;65617;ITAPURA;7556;259;327;586;7.755426151402858
SP;65633;ITAQUAQUECETUBA;502493;28301;35118;63419;12.620872330559829
SP;65650;ITARARÉ;72940;3174;3129;6303;8.641349054017
SP;65676;ITARIRI;19528;516;903;1419;7.266489143793526
SP;65692;ITATIBA;171215;8033;9820;17853;10.42724060391905
SP;65714;ITATINGA;27742;1598;1831;3429;12.360320092278855
SP;65730;ITIRAPINA;20319;961;1077;2038;10.030021162458782
SP;65757;ITIRAPUĂ;10176;302;401;703;6.908411949685535
SP;65773;ITOBI;12586;684;653;1337;10.622914349276973
SP;65790;ITU;253851;10974;15867;26841;10.573525414514814
SP;65811;ITUPEVA;90241;4263;5507;9770;10.826564421936814
SP;65838;ITUVERAVA;59943;2377;2449;4826;8.050981766011043
SP;65854;JABORANDI;10446;434;509;943;9.027378901014742
SP;65870;JABOTICABAL;110054;3931;4593;8524;7.745288676467915
SP;65897;JACAREÍ;353583;12875;18795;31670;8.956878582963547
SP;65919;JACI;11532;462;608;1070;9.27852930974679
SP;65935;JACUPIRANGA;27124;689;1053;1742;6.422356584574547
SP;65951;JAGUARIÚNA;89857;4217;4750;8967;9.979189156103587
SP;65978;JALES;76865;2781;3904;6685;8.697066285045208
SP;65994;JAMBEIRO;9923;401;477;878;8.84813060566361
SP;66010;JANDIRA;162143;8003;9113;17116;10.55611404747661
SP;66036;JARDINÓPOLIS;61077;3117;3532;6649;10.88625832964946
SP;66052;JARINU;52775;2422;3067;5489;10.400757934628139
SP;66079;JAÚ;209807;9787;11413;21200;10.104524634545083
SP;66095;JERIQUARA;6082;167;245;412;6.7740874712265695
SP;66117;JOANÓPOLIS;19917;898;1348;2246;11.276798714665864
SP;66133;JOĂO RAMALHO;6874;261;360;621;9.034041315100378
SP;66150;JOSÉ BONIFÁCIO;56707;2133;2323;4456;7.857936409967023
SP;66176;JÚLIO MESQUITA;7581;294;358;652;8.600448489645165
SP;66192;JUNDIAÍ;662135;24193;41330;65523;9.89571613039637
SP;66214;JUNQUEIRÓPOLIS;27776;906;1270;2176;7.834101382488479
SP;66230;JUQUIÁ;34210;830;1362;2192;6.407483192049108
SP;66257;JUQUITIBA;47799;1887;2549;4436;9.28052888135735
SP;66273;LAGOINHA;10591;354;475;829;7.827400623170616
SP;66290;LARANJAL PAULISTA;44137;1914;2185;4099;9.286992772503796
SP;66311;LAVÍNIA;7910;227;376;603;7.623261694058154
SP;66338;LAVRINHAS;12566;501;729;1230;9.788317682635682
SP;66354;LEME;151315;7862;9931;17793;11.758913524766216
SP;66370;LENÇÓIS PAULISTA;102704;4574;5643;10217;9.948005919925222
SP;66397;LIMEIRA;460513;17282;25488;42770;9.287468540518944
SP;66419;LINDÓIA;11824;247;632;879;7.43403247631935
SP;66435;LINS;115923;4404;5620;10024;8.647119208440085
SP;66451;LORENA;129965;5334;6220;11554;8.890085792328705
SP;66478;LOUVEIRA;74537;3676;4161;7837;10.514241249312423
SP;66494;LUCÉLIA;27089;970;1373;2343;8.649267230241058
SP;66516;LUCIANÓPOLIS;4252;150;177;327;7.690498588899342
SP;66532;LUÍS ANTÔNIO;20404;828;1155;1983;9.718682611252696
SP;66559;LUIZIÂNIA;7838;220;320;540;6.889512630773156
SP;66575;LUPÉRCIO;6936;271;261;532;7.6701268742791235
SP;66591;LUTÉCIA;4910;119;195;314;6.395112016293279
SP;66613;MACATUBA;26540;1335;1366;2701;10.177091183119819
SP;66630;MACAUBAL;12314;627;630;1257;10.207893454604514
SP;66656;MACEDÔNIA;7202;220;290;510;7.08136628714246
SP;66672;MAGDA;5319;162;226;388;7.2946042489189695
SP;66699;MAIRINQUE;80449;4343;5276;9619;11.956643339258411
SP;66710;MAIRIPORĂ;131529;5142;7653;12795;9.727892708071984
SP;66737;MANDURI;14891;694;931;1625;10.912631791014707
SP;66753;MARABÁ PAULISTA;6194;99;222;321;5.182434614142719
SP;66770;MARACAÍ;21832;881;816;1697;7.772993770611945
SP;66796;MARIÁPOLIS;6120;263;281;544;8.88888888888889
SP;66818;MARÍLIA;363382;14009;18220;32229;8.869178990703999
SP;66834;MARINÓPOLIS;3596;96;175;271;7.53615127919911
SP;66850;MARTINÓPOLIS;35841;1137;1467;2604;7.265422281744371
SP;66877;MATĂO;132404;6365;8440;14805;11.18168635388659
SP;66893;MAUÁ;630936;28705;49663;78368;12.420911154221665
SP;66915;MENDONÇA;10082;253;406;659;6.536401507637374
SP;66931;MERIDIANO;7287;258;355;613;8.412240977082476
SP;66958;MIGUELÓPOLIS;29503;1264;1282;2546;8.629630884994747
SP;66974;MINEIROS DO TIETĘ;18696;1084;1119;2203;11.783269148480958
SP;66990;MIRACATU;33449;822;1378;2200;6.577177195132888
SP;67016;MIRA ESTRELA;5509;139;258;397;7.206389544381921
SP;67032;MIRANDÓPOLIS;40002;1425;2077;3502;8.754562271886405
SP;67059;MIRANTE DO PARANAPANEMA;26454;599;771;1370;5.178800937476375
SP;67075;MIRASSOL;90162;3474;4442;7916;8.779752001952042
SP;67091;MIRASSOLÂNDIA;8168;201;291;492;6.023506366307542
SP;67113;MOCOCA;106654;5495;7281;12776;11.978922497046526
SP;67130;MOGI DAS CRUZES;665668;32065;42423;74488;11.189962563920753
SP;67156;MOGI GUAÇU;239965;10599;14757;25356;10.566540953889108
SP;67172;MOGI MIRIM;142422;7066;8906;15972;11.21455954838438
SP;67199;MOMBUCA;6492;284;406;690;10.628465804066543
SP;67210;MONÇŐES;4087;181;253;434;10.619035967702471
SP;67237;MONGAGUÁ;99677;3045;4359;7404;7.427992415502072
SP;67253;MONTE ALEGRE DO SUL;13171;554;923;1477;11.214030825298003
SP;67270;MONTE ALTO;76426;3915;4317;8232;10.77120351712768
SP;67296;MONTE APRAZÍVEL;35664;1332;1759;3091;8.667003140421714
SP;67318;MONTE AZUL PAULISTA;28396;1200;1581;2781;9.793632906043106
SP;67334;MONTE CASTELO;6976;179;281;460;6.594036697247706
SP;67350;MONTEIRO LOBATO;7917;218;325;543;6.858658582796513
SP;67377;MONTE MOR;94887;4801;5773;10574;11.143781550686606
SP;67393;MORRO AGUDO;42348;2068;2567;4635;10.94502691980731
SP;67415;MORUNGABA;21522;1049;1391;2440;11.337236316327479
SP;67431;MURUTINGA DO SUL;6986;179;347;526;7.529344403091898
SP;67458;NARANDIBA;8924;280;321;601;6.734648139847602
SP;67474;NATIVIDADE DA SERRA;11990;246;565;811;6.763969974979149
SP;67490;NAZARÉ PAULISTA;30088;1489;2060;3549;11.79540015953204
SP;67512;NEVES PAULISTA;15371;699;845;1544;10.044889727408757
SP;67539;NHANDEARA;15517;503;645;1148;7.398337307469227
SP;67555;NIPOĂ;7896;321;375;696;8.814589665653495
SP;67571;NOVA ALIANÇA;10424;297;517;814;7.808902532617037
SP;67598;NOVA EUROPA;15554;730;780;1510;9.708113668509707
SP;67610;NOVA GRANADA;31863;1253;1494;2747;8.621284875874839
SP;67636;NOVA GUATAPORANGA;3970;125;217;342;8.614609571788414
SP;67652;NOVA INDEPENDĘNCIA;6496;256;285;541;8.328201970443349
SP;67679;NOVA LUZITÂNIA;5344;124;225;349;6.530688622754491
SP;67695;NOVA ODESSA;95694;3867;5100;8967;9.370493447865071
SP;67717;NOVO HORIZONTE;60464;2345;2503;4848;8.017994178354062
SP;67733;NUPORANGA;11883;456;586;1042;8.76882942018009
SP;67750;OCAUÇU;6584;271;361;632;9.59902794653706
SP;67776;ÓLEO;5082;207;303;510;10.035419126328216
SP;67792;OLÍMPIA;87031;3234;3658;6892;7.919017361629764
SP;67814;ONDA VERDE;8276;360;407;767;9.267762203963267
SP;67830;ORIENTE;10034;396;542;938;9.348216065377715
SP;67857;ORINDIÚVA;10014;249;421;670;6.690633113640902
SP;67873;ORLÂNDIA;63390;2923;3734;6657;10.501656412683388
SP;67890;OSASCO;1175418;49751;71277;121028;10.296592361185553
SP;67911;OSCAR BRESSANE;5039;89;171;260;5.159753919428458
SP;67938;OSVALDO CRUZ;49390;1768;2240;4008;8.115003037052034
SP;67954;OURINHOS;161740;6841;7538;14379;8.890194138741188
SP;67970;OURO VERDE;12294;373;532;905;7.361314462339353
SP;67997;PACAEMBU;17238;510;668;1178;6.833739412924933
SP;68012;PALESTINA;18387;673;785;1458;7.929515418502203
SP;68039;PALMARES PAULISTA;15704;712;951;1663;10.589658685685176
SP;68055;PALMEIRA D OESTE;15874;642;661;1303;8.208391079753055
SP;68071;PALMITAL;34524;1262;1469;2731;7.910439114818677
SP;68098;PANORAMA;21549;850;975;1825;8.46907049051
SP;68110;PARAGUAÇU PAULISTA;65040;2757;2991;5748;8.837638376383763
SP;68136;PARAIBUNA;28523;807;1198;2005;7.029414858184622
SP;68152;PARAÍSO;9014;450;681;1131;12.547148879520744
SP;68179;PARANAPANEMA;28518;980;1342;2322;8.142225962549968
SP;68195;PARANAPUĂ;6850;267;273;540;7.883211678832117
SP;68217;PARAPUĂ;16519;636;883;1519;9.195471880864458
SP;68233;PARDINHO;11440;481;649;1130;9.877622377622378
SP;68250;PARIQUERA-AÇU;31191;1125;1496;2621;8.403064986694881
SP;68276;PATROCÍNIO PAULISTA;21684;864;866;1730;7.978232798376683
SP;68292;PAULICÉIA;11900;420;626;1046;8.789915966386555
SP;68314;PAULÍNIA;168223;6688;8630;15318;9.10577031678189
SP;68330;PAULO DE FARIA;12841;258;533;791;6.159956389689277
SP;68357;PEDERNEIRAS;69130;2922;3450;6372;9.217416461738754
SP;68373;PEDRA BELA;10425;429;573;1002;9.611510791366907
SP;68390;PEDRANÓPOLIS;4664;140;200;340;7.289879931389365
SP;68411;PEDREGULHO;23731;1010;1068;2078;8.75647886730437
SP;68438;PEDREIRA;70615;3148;4887;8035;11.378602279968845
SP;68454;PEDRO DE TOLEDO;16855;355;639;994;5.897359833877188
SP;68470;PENÁPOLIS;94797;3350;4613;7963;8.400054854056563
SP;68497;PEREIRA BARRETO;40958;1392;1704;3096;7.558962839982421
SP;68519;PEREIRAS;13663;530;645;1175;8.599868257337334
SP;68535;PERUÍBE;123146;3719;5701;9420;7.649456742403327
SP;68551;PIACATU;9356;238;519;757;8.091064557503207
SP;68578;PIEDADE;86859;4165;4605;8770;10.096823587653553
SP;68594;PILAR DO SUL;46753;1815;2135;3950;8.448655701238424
SP;68616;PINDAMONHANGABA;244348;11267;14074;25341;10.370864504722773
SP;68632;PINDORAMA;22814;845;1227;2072;9.082142544051898
SP;68659;ESPÍRITO SANTO DO PINHAL;67511;3003;3643;6646;9.844321666098859
SP;68675;PINHALZINHO;23485;1214;1758;2972;12.65488609750905
SP;68691;PIQUEROBI;5932;132;258;390;6.574511126095752
SP;68713;PIQUETE;20128;717;953;1670;8.296899841017488
SP;68730;PIRACAIA;45233;1999;2719;4718;10.430437954590674
SP;68756;PIRACICABA;614797;26515;34635;61150;9.946372542481502
SP;68772;PIRAJU;47885;1927;2471;4398;9.184504542132192
SP;68799;PIRAJUÍ;32432;1159;1407;2566;7.911938825851012
SP;68810;PIRANGI;17077;766;882;1648;9.650406980148738
SP;68837;PIRAPORA DO BOM JESUS;26533;940;1189;2129;8.023970150378773
SP;68853;PIRAPOZINHO;42343;1392;1659;3051;7.205441277188673
SP;68870;PIRASSUNUNGA;118262;5225;6467;11692;9.886523143528775
SP;68896;PIRATININGA;19202;771;842;1613;8.400166649307364
SP;68918;PITANGUEIRAS;53640;2562;2938;5500;10.253542132736763
SP;68934;PLANALTO;8288;186;328;514;6.2017374517374515
SP;68950;PLATINA;5424;172;202;374;6.895280235988201
SP;68977;POÁ;189624;8833;11798;20631;10.879951904822175
SP;68993;POLONI;9085;304;368;672;7.396807925151348
SP;69019;POMPÉIA;33667;1169;1686;2855;8.480114058276651
SP;69035;PONGAÍ;6135;115;222;337;5.493072534637327
SP;69051;PONTAL;59961;3627;4205;7832;13.061823518620436
SP;69078;PONTES GESTAL;4729;149;166;315;6.66102770141679
SP;69094;POPULINA;7546;225;383;608;8.057248873575404
SP;69116;PORANGABA;14840;549;783;1332;8.975741239892184
SP;69132;PORTO FELIZ;85146;4365;4368;8733;10.25650059897118
SP;69159;PORTO FERREIRA;84955;4266;5420;9686;11.401330115943734
SP;69175;POTIRENDABA;27349;1069;1355;2424;8.863212548904896
SP;69191;PRADÓPOLIS;27767;1196;1734;2930;10.55209421255447
SP;69213;PRAIA GRANDE;497701;19447;24579;44026;8.845873325550883
SP;69230;PRESIDENTE ALVES;6902;149;281;430;6.230078238191829
SP;69256;PRESIDENTE BERNARDES;22421;601;598;1199;5.347665135364168
SP;69272;PRESIDENTE EPITÁCIO;64021;2247;2685;4932;7.703722216147827
SP;69299;PRESIDENTE PRUDENTE;361963;11027;13022;24049;6.644049253652998
SP;69310;PRESIDENTE VENCESLAU;57839;1595;2238;3833;6.627016373035495
SP;69337;PROMISSĂO;56869;2243;2485;4728;8.313844097838894
SP;69353;QUATÁ;20249;805;920;1725;8.518939206874414
SP;69370;QUEIROZ;6576;231;266;497;7.557785888077858
SP;69396;QUELUZ;14339;421;573;994;6.932143106213823
SP;69418;QUINTANA;10942;423;559;982;8.974593310180955
SP;69434;RAFARD;14824;579;757;1336;9.01241230437129
SP;69450;RANCHARIA;48965;1900;1978;3878;7.919942816297356
SP;69477;REDENÇĂO DA SERRA;8471;263;306;569;6.717034588596388
SP;69493;REGENTE FEIJÓ;30480;1017;1361;2378;7.801837270341207
SP;69515;REGINÓPOLIS;9942;260;503;763;7.674512170589419
SP;69531;REGISTRO;96448;3273;4099;7372;7.6434970139349705
SP;69558;RESTINGA;13473;451;509;960;7.125361834780672
SP;69574;RIBEIRA;6055;179;228;407;6.721717588769612
SP;69590;RIBEIRĂO BONITO;18420;719;1047;1766;9.587404994571118
SP;69612;RIBEIRĂO BRANCO;30153;995;1318;2313;7.6708785195502935
SP;69639;RIBEIRĂO CORRENTE;8576;196;329;525;6.121735074626866
SP;69655;RIBEIRĂO DO SUL;7608;243;343;586;7.702418506834912
SP;69671;RIBEIRĂO PIRES;181652;7546;12439;19985;11.001805650364433
SP;69698;RIBEIRĂO PRETO;936435;32385;55923;88308;9.430232744397635
SP;69710;RIVERSUL;9268;295;355;650;7.013379369874838
SP;69736;RIFAINA;9012;272;316;588;6.524633821571238
SP;69752;RINCĂO;15394;649;934;1583;10.283227231388853
SP;69779;RINÓPOLIS;15398;551;797;1348;8.754383686193012
SP;69795;RIO CLARO;312824;12823;20624;33447;10.691954581489911
SP;69817;RIO DAS PEDRAS;50150;2556;3059;5615;11.19641076769691
SP;69833;RIO GRANDE DA SERRA;71436;3982;5046;9028;12.63788565989137
SP;69850;RIOLÂNDIA;14640;385;566;951;6.495901639344262
SP;69876;ROSEIRA;17132;738;744;1482;8.650478636469765
SP;69892;RUBIÁCEA;4564;120;166;286;6.2664329535495185
SP;69914;RUBINÉIA;6533;156;328;484;7.4085412521046985
SP;69930;SABINO;9218;273;500;773;8.385766977652418
SP;69957;SAGRES;4188;131;181;312;7.4498567335243555
SP;69973;SALES;10280;239;440;679;6.605058365758755
SP;69990;SALES OLIVEIRA;16644;686;1008;1694;10.177841864936314
SP;70017;SALESÓPOLIS;30806;1252;1656;2908;9.439719535155488
SP;70033;SALMOURĂO;8086;323;378;701;8.669304971555777
SP;70050;SALTO;194036;8551;11392;19943;10.277989651404894
SP;70076;SALTO DE PIRAPORA;61407;3237;4015;7252;11.809728532577719
SP;70092;SALTO GRANDE;12729;569;766;1335;10.48786236153665
SP;70114;SANDOVALINA;6991;125;194;319;4.563009583750537
SP;70130;SANTA ADÉLIA;23507;837;1164;2001;8.512358021015016
SP;70157;SANTA ALBERTINA;10422;360;494;854;8.194204567261561
SP;70173;SANTA BÁRBARA D OESTE;292362;13391;17989;31380;10.733269029490836
SP;70190;ÁGUAS DE SANTA BÁRBARA;10716;388;557;945;8.81858902575588
SP;70211;SANTA BRANCA;24714;930;1180;2110;8.537670955733592
SP;70238;SANTA CLARA D OESTE;4757;154;175;329;6.9161236073155345
SP;70254;SANTA CRUZ DA CONCEIÇĂO;8152;230;373;603;7.396957801766438
SP;70270;SANTA CRUZ DAS PALMEIRAS;42438;2295;2857;5152;12.14006315094962
SP;70297;SANTA CRUZ DO RIO PARDO;71676;2837;3264;6101;8.511914727384342
SP;70319;SANTA ERNESTINA;10026;353;544;897;8.946738479952124
SP;70335;SANTA FÉ DO SUL;54065;1753;2282;4035;7.463238694164431
SP;70351;SANTA GERTRUDES;37706;1716;2145;3861;10.239749641966796
SP;70378;SANTA ISABEL;86320;4391;6273;10664;12.354031510658018
SP;70394;SANTA LÚCIA;13626;813;1018;1831;13.43754586819316
SP;70416;SANTA MARIA DA SERRA;8619;367;410;777;9.01496693351897
SP;70432;SANTA MERCEDES;5486;168;224;392;7.145461173897193
SP;70459;SANTANA DA PONTE PENSA;3190;74;128;202;6.332288401253919
SP;70475;SANTANA DE PARNAÍBA;200790;6601;8819;15420;7.679665321978186
SP;70491;SANTA RITA D OESTE;4964;138;201;339;6.8291700241740525
SP;70513;SANTA RITA DO PASSA QUATRO;39990;1513;2101;3614;9.037259314828708
SP;70530;SANTA ROSA DE VITERBO;39596;1961;2717;4678;11.814324679260531
SP;70556;SANTO ANASTÁCIO;30532;1130;1496;2626;8.600812262544217
SP;70572;SANTO ANDRÉ;1165237;38700;73889;112589;9.662326204883643
SP;70599;SANTO ANTÔNIO DA ALEGRIA;10732;383;611;994;9.262020126723817
SP;70610;SANTO ANTÔNIO DE POSSE;34133;1774;1687;3461;10.139747458471273
SP;70637;SANTO ANTÔNIO DO JARDIM;10882;541;653;1194;10.97224774857563
SP;70653;SANTO ANTÔNIO DO PINHAL;12762;586;726;1312;10.280520294624667
SP;70670;SANTO EXPEDITO;5523;131;219;350;6.337135614702155
SP;70696;SANTÓPOLIS DO AGUAPEÍ;6485;191;316;507;7.818041634541249
SP;70718;SANTOS;705322;20374;30619;50993;7.229747547928464
SP;70734;SĂO BENTO DO SAPUCAÍ;19065;886;1149;2035;10.67400996590611
SP;70750;SĂO BERNARDO DO CAMPO;1278167;44464;77898;122362;9.573240429458748
SP;70777;SĂO CAETANO DO SUL;292324;7404;13627;21031;7.1944144168799005
SP;70793;SĂO CARLOS;388394;17138;26067;43205;11.124013244282867
SP;70815;SĂO FRANCISCO;5056;208;217;425;8.405854430379748
SP;70831;SĂO JOĂO DA BOA VISTA;142780;5952;7839;13791;9.658915814539853
SP;70858;SĂO JOĂO DAS DUAS PONTES;4546;187;208;395;8.688957325120986
SP;70874;SĂO JOĂO DO PAU D ALHO;4042;142;161;303;7.4962889658584855
SP;70890;SĂO JOAQUIM DA BARRA;76053;3615;3604;7219;9.492064744323038
SP;70912;SĂO JOSÉ DA BELA VISTA;13900;697;624;1321;9.503597122302159
SP;70939;SĂO JOSÉ DO BARREIRO;7595;137;293;430;5.661619486504279
SP;70955;SĂO JOSÉ DO RIO PARDO;85258;4024;4710;8734;10.244199957775225
SP;70971;SĂO JOSÉ DO RIO PRETO;690065;21938;31411;53349;7.731010846804287
SP;70998;SĂO JOSÉ DOS CAMPOS;1115218;37020;49808;86828;7.785742339165974
SP;71013;SĂO LUÍS DO PARAITINGA;19941;734;982;1716;8.605385888370694
SP;71030;SĂO MANUEL;62175;3492;4454;7946;12.780056292722156
SP;71056;SĂO MIGUEL ARCANJO;51307;1690;2473;4163;8.11390258639172
SP;71072;SĂO PAULO;18602871;661834;1140088;1801922;9.68625756744752
SP;71099;SĂO PEDRO;54383;2033;2690;4723;8.684699262637222
SP;71110;SĂO PEDRO DO TURVO;11470;368;427;795;6.9311246730601574
SP;71137;SĂO ROQUE;127018;6280;7073;13353;10.512683241745265
SP;71153;SĂO SEBASTIĂO;132740;5306;5988;11294;8.5083622118427
SP;71170;SĂO SEBASTIĂO DA GRAMA;17067;661;1051;1712;10.03105408097498
SP;71196;SĂO SIMĂO;24180;871;1409;2280;9.429280397022332
SP;71218;SĂO VICENTE;517762;20565;25962;46527;8.986175115207374
SP;71234;SARAPUÍ;15204;580;863;1443;9.490923441199685
SP;71250;SARUTAIÁ;6336;155;292;447;7.054924242424243
SP;71277;SEBASTIANÓPOLIS DO SUL;6038;223;267;490;8.115269956939382
SP;71293;SERRA AZUL;15868;611;801;1412;8.898411898159818
SP;71315;SERRANA;69499;3136;3614;6750;9.712369962157728
SP;71331;SERRA NEGRA;46729;1482;2281;3763;8.052815168310898
SP;71358;SERTĂOZINHO;193872;9232;11446;20678;10.66580011554015
SP;71374;SETE BARRAS;22566;558;963;1521;6.740228662589737
SP;71390;SEVERÍNIA;24552;1113;1169;2282;9.294558488106876
SP;71412;SILVEIRAS;10813;422;504;926;8.563765837417924
SP;71439;SOCORRO;62650;2003;3756;5759;9.192338387869114
SP;71455;SOROCABA;1028651;42093;67967;110060;10.699450056433134
SP;71471;SUD MENNUCCI;12614;417;523;940;7.452037418741081
SP;71498;SUMARÉ;396944;17950;21948;39898;10.051291869885928
SP;71510;SUZANO;457309;23720;31091;54811;11.985550251580442
SP;71536;TABAPUĂ;18531;688;1107;1795;9.686471318331446
SP;71552;TABATINGA;23227;1128;1284;2412;10.384466353812373
SP;71579;TABOĂO DA SERRA;447236;20392;26785;47177;10.5485694353764
SP;71595;TACIBA;9882;215;293;508;5.140659785468529
SP;71617;TAGUAÍ;18460;649;745;1394;7.5514626218851575
SP;71633;TAIAÇU;9636;346;461;807;8.374844333748444
SP;71650;TAIÚVA;9506;356;434;790;8.310540711129812
SP;71676;TAMBAÚ;31840;1282;1847;3129;9.827261306532662
SP;71692;TANABI;41275;1145;1638;2783;6.742580254391278
SP;71714;TAPIRAÍ;13076;421;587;1008;7.708779443254818
SP;71730;TAPIRATIBA;20941;1011;1228;2239;10.691944033236235
SP;71757;TAQUARITINGA;81464;3726;3699;7425;9.11445546499067
SP;71773;TAQUARITUBA;34733;1809;1625;3434;9.886851121411913
SP;71790;TARABAI;11207;289;492;781;6.968858748996164
SP;71811;TATUÍ;184988;8185;10814;18999;10.270395917573031
SP;71838;TAUBATÉ;477286;18873;24935;43808;9.178563796130621
SP;71854;TEJUPÁ;7490;202;280;482;6.4352469959946585
SP;71870;TEODORO SAMPAIO;36631;939;1242;2181;5.953973410499304
SP;71897;TERRA ROXA;12099;593;733;1326;10.959583436647657
SP;71919;TIETĘ;61455;2298;3224;5522;8.985436498250753
SP;71935;TIMBURI;4822;98;288;386;8.004977187888842
SP;71951;TORRINHA;14734;619;731;1350;9.162481335686168
SP;71978;TREMEMBÉ;60643;2292;2904;5196;8.568177695694475
SP;71994;TRĘS FRONTEIRAS;10284;322;416;738;7.176196032672112
SP;72010;TUPĂ;100964;3160;4430;7590;7.5175310011489245
SP;72036;TUPI PAULISTA;22893;538;864;1402;6.124142751059276
SP;72052;TURIÚBA;3371;63;127;190;5.636309700385643
SP;72079;TURMALINA;3736;100;184;284;7.601713062098502
SP;72095;UBATUBA;151804;5594;7245;12839;8.45761640009486
SP;72117;UBIRAJARA;8377;232;281;513;6.123910707890653
SP;72133;UCHOA;16159;582;865;1447;8.954762052107185
SP;72150;UNIĂO PAULISTA;3228;84;107;191;5.916976456009913
SP;72176;URÂNIA;13773;615;751;1366;9.917955420024686
SP;72192;URU;3019;50;123;173;5.730374296124544
SP;72214;URUPĘS;22335;875;1121;1996;8.936646518916499
SP;72230;VALENTIM GENTIL;20447;804;965;1769;8.651635936812246
SP;72257;VALINHOS;192471;6992;10224;17216;8.94472414026009
SP;72273;VALPARAÍSO;33704;1069;1218;2287;6.785544742463802
SP;72311;VARGEM GRANDE DO SUL;64157;3649;3449;7098;11.063484888632573
SP;72338;VÁRZEA PAULISTA;166909;8315;12020;20335;12.183285502878814
SP;72354;VERA CRUZ;15549;529;888;1417;9.11312624606084
SP;72370;VINHEDO;125864;5069;6385;11454;9.100298735142694
SP;72397;VIRADOURO;25815;1268;1407;2675;10.362192523726515
SP;72419;VISTA ALEGRE DO ALTO;12270;538;618;1156;9.421352893235534
SP;72435;VOTORANTIM;181556;8487;11163;19650;10.823106920178898
SP;72451;VOTUPORANGA;145145;4750;6786;11536;7.947914154810706
SP;72737;VARGEM GRANDE PAULISTA;81581;4072;4865;8937;10.95475662225273
